id,label,n,relw,relh,loc,n_other_marker,n_lines,cls
2001.00255_p15c2,,2,0.033,0.002,in,0,3,tight_cluster
2001.01928_p4c1,,10,0.835,0.247,in,1,3,spread
2001.01928_p5c1,r$_{00}$,15,0.839,0.227,in,1,4,spread
2001.04375_p9c1,Top gate,22,0.931,0.516,in,0,2,spread
2001.04375_p9c3,Top gate,9,0.602,0.59,in,0,2,spread
2001.04375_p9c4,,45,0.805,0.609,in,0,1,spread
2001.04375_p9c5,Top gate,22,0.878,0.212,in,0,2,spread
2001.04375_p9c6,Top gate,6,0.597,0.428,in,0,2,spread
2001.04704_p3c1,,19,0.791,0.552,in,1,4,spread
2001.06723_p12c1,0.37nm,546,0.987,0.808,in,1,0,spread
2001.06723_p12c2,0.37nm,22,0.94,0.8,in,0,2,spread
2001.06723_p12c3,0.37nm,14,0.814,0.776,in,0,2,spread
2001.10963_p4c2,,10,0.658,0.791,in,2,13,spread
2001.10963_p5c1,H,2,0.001,0.268,in,1,3,thin_strip
2001.10963_p5c2,H,8,0.471,0.534,in,0,4,spread
2002.00630_p11c1,"N$_{qx, y, z}$ = N$_{kx, y, z}$",19,0.864,0.593,in,2,0,spread
2002.00630_p12c1,"N$_{qx, y, z}$ = N$_{kx, y, z}$",37,0.93,0.945,in,3,0,spread
2002.00630_p13c1,"N$_{qx, y, z}$ = N$_{kx, y, z}$",19,0.864,0.472,in,3,0,spread
2002.01952_p4c1,,34,0.72,0.557,in,6,1,spread
2002.02623_p25c1,,37,0.962,0.872,in,1,0,spread
2002.02623_p25c2,,4,0.75,0.719,in,0,0,spread
2002.02623_p48c3,,8,0.7,0.945,in,0,0,spread
2002.05277_p14c2,,4,0.024,0.092,in,3,2,thin_strip
2002.05277_p14c4,,4,0.024,0.092,in,3,2,thin_strip
2002.05277_p14c6,,4,0.024,0.092,in,3,2,thin_strip
2002.05277_p15c1,,36,0.196,0.27,in,4,5,spread
2002.05277_p16c1,,4,0.024,0.092,in,3,2,thin_strip
2002.05277_p16c5,,4,0.024,0.092,in,3,2,thin_strip
2002.05277_p17c2,,36,0.208,0.289,in,4,5,spread
2003.01096_p4c1,,192,0.959,0.659,in,1,0,spread
2003.03611_p8c10,,9,0.076,0.302,in,0,3,thin_strip
2003.03611_p9c1,,9,0.076,0.302,in,0,3,thin_strip
2003.08470_p10c1,,46,0.89,0.663,in,0,0,spread
2003.09804_p23c2,,29,0.528,0.468,in,1,0,spread
2003.09804_p23c3,,27,0.775,0.84,in,1,0,spread
2003.09804_p23c4,Ag,5,0.743,0.176,in,1,0,spread
2003.09804_p24c1,,10,0.076,0.069,in,0,9,tight_cluster
2003.09804_p25c2,,21,0.883,0.792,in,5,5,spread
2003.09804_p25c3,(GPa),18,0.061,0.508,in,2,0,thin_strip
2003.09804_p32c2,I4/mcm,3,0.4,0.0,in,4,2,thin_strip
2003.09804_p36c1,,4,0.053,0.24,in,1,0,thin_strip
2003.09804_p40c1,Tl-Te,11,0.897,0.265,in,4,0,spread
2003.09966_p3c1,,34,0.879,0.876,in,1,1,spread
2003.09966_p3c2,T$^{2}$ (K$^{2}$),32,0.793,0.882,in,2,1,spread
2003.10049_p11c1,,8,0.629,0.79,in,1,2,spread
2003.10049_p20c1,e,5,0.057,0.101,in,0,2,thin_strip
2003.10049_p37c1,m 2,9,0.201,0.389,in,1,1,spread
2003.10049_p4c2,,5,0.156,0.029,in,0,3,thin_strip
2003.10741_p3c2,,12,0.822,0.631,in,4,7,spread
2003.10741_p3c3,(GPa),27,0.82,0.773,in,1,14,spread
2003.12582_p4c1,,14,0.806,0.261,in,1,8,spread
2003.12582_p4c2,,2,0.044,0.002,in,0,3,tight_cluster
2003.13327_p6c2,,3,0.778,0.51,in,1,1,spread
2003.13327_p6c3,,3,0.111,0.387,in,1,0,spread
2003.13327_p6c4,T=0.004,5,0.333,0.614,in,3,4,spread
2003.13327_p7c2,t’=0.0,8,0.774,0.796,in,1,0,spread
2003.13327_p7c4,t’=0.0,6,0.558,0.176,in,2,0,spread
2003.13327_p7c6,t’=0.0,8,0.774,0.399,in,2,0,spread
2003.13327_p7c8,t’=0.0,8,0.782,0.369,in,2,0,spread
2004.02813_p3c1,,41,0.918,0.431,in,0,2,spread
2004.02813_p4c4,,2,0.033,0.003,in,0,4,tight_cluster
2004.03903_p3c2,,25,0.712,0.703,in,1,1,spread
2004.06785_p3c3,,4,0.321,0.243,in,1,5,spread
2004.07358_p4c1,DOS (a.u.),20,0.763,0.924,in,0,6,spread
2004.13543_p15c1,,27,0.807,0.769,in,0,0,spread
2004.13543_p16c1,,25,0.826,0.754,in,2,0,spread
2004.13543_p17c1,,19,0.642,0.498,in,1,1,spread
2004.13543_p18c1,,19,0.641,0.436,in,0,0,spread
2004.13543_p18c1,,40,0.829,0.568,in,0,0,spread
2004.13543_p19c1,,7,0.771,0.855,in,2,0,spread
2004.13543_p22c1,,6,0.9,0.802,in,3,0,spread
2005.00241_p26c1,,46,0.954,0.751,in,0,1,spread
2005.00735_p4c5,,4,0.218,0.314,in,0,3,spread
2005.05186_p25c4,,5,0.896,0.652,in,5,0,spread
2005.08130_p33c1,,21,0.882,0.877,in,0,0,spread
2005.11717_p25c1,,40,0.857,0.447,in,0,8,spread
2005.11717_p25c3,,50,0.998,0.745,in,0,7,spread
2005.14103_p3c1,,24,0.808,0.039,in,2,1,thin_strip
2005.14103_p4c2,,9,0.833,0.797,in,0,0,spread
2005.14129_p11c2,α$_{t}$,16,0.883,0.539,in,1,0,spread
2006.03681_p4c2,,2,0.152,0.229,in,3,6,spread
2006.03681_p4c4,,2,0.201,0.299,in,3,7,spread
2006.04478_p14c1,,119,0.74,0.672,in,0,0,spread
2006.05506_p12c1,b axis - Intrinsic SnSe,27,0.894,0.215,in,4,1,spread
2006.05506_p14c1,,27,0.895,0.106,in,4,1,spread
2006.05506_p14c4,τ$_{tot}$,19,0.895,0.138,in,4,0,spread
2006.08318_p12c1,5),4,0.275,0.585,in,0,3,spread
2006.08318_p13c1,5),6,0.745,0.321,in,0,3,spread
2006.08318_p15c1,/ T$_{C}$,6,0.532,0.367,in,0,2,spread
2006.08318_p17c1,5),11,0.377,0.778,in,0,3,spread
2006.08318_p17c2,5),12,0.704,0.717,in,0,3,spread
2006.08318_p18c1,,19,0.701,0.875,in,0,2,spread
2006.13263_p10c1,,8,0.214,0.034,in,0,2,thin_strip
2006.13263_p12c2,,35,0.884,0.775,in,2,0,spread
2006.13263_p12c2,,24,0.882,0.775,in,2,0,spread
2006.13263_p9c1,,4,0.053,0.026,in,0,6,tight_cluster
2006.13973_p2c1,,12,0.253,0.12,in,2,0,spread
2006.13973_p2c2,,16,0.319,0.12,in,2,0,spread
2006.15697_p5c1,,9,0.287,0.015,in,5,4,thin_strip
2007.00819_p10c2,,36,0.859,0.616,in,1,4,spread
2007.00819_p10c2,,7,0.681,0.458,in,1,4,spread
2007.00819_p11c1,,6,0.652,0.792,in,0,1,spread
2007.00819_p17c2,79 K,8,0.57,0.485,in,8,0,spread
2007.00819_p17c2,,4,0.444,0.434,in,8,0,spread
2007.00819_p18c2,K,15,0.795,0.881,in,9,0,spread
2007.00819_p18c2,,10,0.762,0.399,in,9,0,spread
2007.00819_p18c4,K,10,0.683,0.062,in,5,0,thin_strip
2007.00819_p18c5,,11,0.682,0.116,in,3,3,spread
2007.00819_p18c5,,8,0.682,0.108,in,3,3,spread
2007.00819_p9c3,Cu$^{+}$,8,0.514,0.048,in,1,1,thin_strip
2007.01090_p2c2,,34,0.264,0.866,in,0,6,spread
2007.03689_p6c1,,14,0.04,0.423,in,0,5,thin_strip
2007.03689_p6c2,,15,0.039,0.5,in,0,5,thin_strip
2007.05645_p12c1,,11,0.834,0.733,in,0,0,spread
2007.09754_p3c2,,7,0.645,0.678,in,4,0,spread
2007.11234_p10c3,,20,0.212,0.423,in,0,5,spread
2007.11234_p10c6,,3,0.008,0.162,in,0,2,thin_strip
2007.11234_p9c5,,19,0.4,0.284,in,0,2,spread
2007.12612_p5c2,,17,0.909,0.909,in,2,0,spread
2007.14369_p5c1,,6,0.393,0.062,in,0,6,thin_strip
2008.01111_p12c1,,18,0.687,0.674,in,3,1,spread
2008.04156_p7c1,= 1,2,0.0,0.081,in,0,2,thin_strip
2008.04156_p7c2,= 1,2,0.0,0.081,in,0,2,thin_strip
2008.04486_p4c2,,2,0.041,0.003,in,3,1,tight_cluster
2008.04486_p6c4,,2,0.04,0.001,in,1,1,tight_cluster
2008.05618_p3c2,,3,0.099,0.002,in,1,1,thin_strip
2008.05618_p4c2,,3,0.099,0.002,in,1,1,thin_strip
2008.06356_p5c3,,9,0.208,0.134,in,2,4,spread
2008.07150_p6c2,,8,0.572,0.365,in,3,2,spread
2008.07521_p4c1,10 15 20,2,0.04,0.005,in,5,2,tight_cluster
2008.09145_p4c1,,3,0.034,0.069,in,1,15,tight_cluster
2008.09232_p4c2,K,19,0.509,0.578,in,2,19,spread
2008.10512_p3c1,,6,0.015,0.14,in,9,7,thin_strip
2009.00317_p5c1,Stack-1,36,0.137,0.658,in,6,2,spread
2009.01478_p8c2,(b),2,0.041,0.003,in,2,3,tight_cluster
2009.04163_p9c3,,3,0.544,0.551,in,2,6,spread
2009.04805_p4c1,,7,0.113,0.128,in,0,3,spread
2009.04805_p4c2,,7,0.103,0.134,in,0,4,spread
2009.04805_p8c1,,4,0.116,0.028,in,0,4,thin_strip
2009.04805_p9c1,,20,0.896,0.676,in,0,2,spread
2009.04805_p9c2,,6,0.895,0.019,in,0,2,thin_strip
2009.04805_p9c3,,6,0.889,0.018,in,0,3,thin_strip
2009.12800_p13c1,,3,0.205,0.013,in,0,1,thin_strip
2009.12800_p14c1,Magnetizing current,3,0.284,0.034,in,0,1,thin_strip
2009.13022_p4c2,,16,0.917,0.677,in,2,0,spread
2010.09943_p10c1,,18,0.48,0.139,in,4,0,spread
2010.09943_p10c2,,18,0.482,0.139,in,4,0,spread
2010.11077_p24c1,CCE,50,0.91,0.494,in,2,0,spread
2010.12950_p41c1,,10,0.014,0.622,in,0,11,thin_strip
2010.14947_p5c1,,12,0.18,0.054,in,0,16,thin_strip
2010.15471_p12c1,w0=0.50 mm,11,0.909,0.909,in,0,0,spread
2010.15471_p12c2,M = M(z),21,0.909,0.407,in,2,0,spread
2011.03128_p4c1,G,7,0.45,0.602,in,2,0,spread
2011.06321_p16c21,τ = α e−T/β,4,0.6,0.096,in,0,1,spread
2011.06321_p16c22,τ = α e−T/β,4,0.6,0.047,in,0,1,thin_strip
2011.06321_p16c23,,5,0.8,0.143,in,0,1,spread
2011.06321_p16c24,,5,0.8,0.056,in,0,1,thin_strip
2011.06321_p8c1,,6,0.359,0.288,in,0,1,spread
2011.06321_p8c10,ref. 36,8,0.6,0.551,in,0,3,spread
2011.06321_p8c11,ref. 46,19,0.776,0.452,in,0,3,spread
2011.06321_p8c12,ref. 38,8,0.82,0.496,in,0,3,spread
2011.06321_p8c2,ef. 36,8,0.415,0.154,in,0,1,spread
2011.06321_p8c3,ef. 37,6,0.417,0.128,in,0,1,spread
2011.06321_p8c4,ef. 38,6,0.668,0.069,in,0,1,thin_strip
2011.06321_p8c9,ref. 39,12,0.368,0.573,in,0,3,spread
2011.06477_p17c3,,2,0.044,0.008,in,2,0,tight_cluster
2011.09417_p6c1,,18,0.629,0.745,in,0,3,spread
2011.09417_p8c1,,7,0.074,0.32,in,0,3,thin_strip
2011.11041_p3c1,,12,0.155,0.356,in,4,4,spread
2011.12667_p5c1,,16,0.733,0.745,in,1,3,spread
2011.12667_p6c1,,30,0.234,0.555,in,0,3,spread
2011.12667_p9c1,,7,0.799,0.3,in,0,2,spread
2011.13352_p5c3,,28,0.828,0.711,in,0,3,spread
2011.13352_p5c4,,28,0.83,0.711,in,0,3,spread
2011.13352_p5c5,,31,0.812,0.719,in,0,3,spread
2011.13352_p5c6,,31,0.814,0.719,in,0,3,spread
2012.00326_p6c1,,4,0.005,0.293,in,0,4,thin_strip
2012.00326_p6c2,,6,0.308,0.303,in,1,4,spread
2012.03870_p7c1,,26,0.82,0.379,in,1,3,spread
2012.03870_p7c2,,27,0.871,0.377,in,1,3,spread
2012.03870_p8c1,,9,0.195,0.485,in,1,0,spread
2012.07543_p7c1,,3,0.4,0.19,in,3,2,spread
2012.07543_p7c2,,6,0.714,0.289,in,4,0,spread
2012.07642_p18c2,,2,0.347,0.293,in,6,1,spread
2012.08617_p4c1,,9,0.571,0.572,in,0,0,spread
2012.08617_p4c2,,9,0.571,0.577,in,0,0,spread
2012.08617_p7c2,,10,0.578,0.414,in,1,0,spread
2012.08617_p8c2,,6,0.421,0.583,in,1,1,spread
2012.09095_p3c2,,7,0.134,0.167,in,1,1,spread
2012.09095_p4c3,,2,0.046,0.007,in,4,2,tight_cluster
2012.09095_p4c4,i,4,0.31,0.386,in,0,1,spread
2012.10841_p3c1,Thresholding,9,0.909,0.909,in,2,0,spread
2012.10841_p3c2,Thresholding,9,0.909,0.559,in,2,0,spread
2012.11285_p14c1,,8,0.037,0.893,in,3,0,thin_strip
2012.11311_p12c1,Fitted ag,5,0.909,0.316,in,1,1,spread
2012.11311_p12c2,Fitted ag,9,0.909,0.075,in,1,1,thin_strip
2012.11311_p13c2,Semimetallic,7,0.779,0.764,in,0,0,spread
2012.11311_p13c3,Semimetallic,8,0.779,0.846,in,0,0,spread
2012.11311_p5c1,SO,8,0.23,0.223,in,3,8,spread
2012.12934_p10c1,,56,0.373,0.348,in,1,4,spread
2012.12934_p7c1,,15,0.111,0.276,in,1,4,spread
2012.12934_p7c2,,15,0.111,0.276,in,1,4,spread
2012.12934_p7c3,,46,0.34,0.31,in,1,4,spread
2012.12934_p7c4,,20,0.147,0.276,in,1,3,spread
2012.12934_p7c5,,20,0.147,0.276,in,1,2,spread
2012.12934_p7c6,,49,0.354,0.311,in,1,4,spread
2012.13109_p11c1,total RIN,10,0.232,0.118,in,2,3,spread
2012.13109_p11c2,total,7,0.231,0.148,in,1,3,spread
2012.13109_p11c3,total RIN,3,0.155,0.196,in,2,3,spread
2012.13109_p7c2,,7,0.726,0.328,in,7,0,spread
2012.13109_p7c3,,3,0.102,0.112,in,2,4,spread
2012.13109_p9c1,total RIN,7,0.198,0.104,in,2,3,spread
2012.13109_p9c2,,13,0.262,0.115,in,2,3,spread
2012.13109_p9c3,total RIN,27,0.347,0.242,in,2,3,spread
2012.13678_p7c2,total RIN,6,0.174,0.187,in,3,4,spread
2012.13678_p8c1,total RIN,15,0.395,0.124,in,2,2,spread
2012.13678_p9c2,total RIN,14,0.377,0.072,in,2,2,thin_strip
2012.14129_p7c2,"|g, e, 0⟩",11,0.857,0.914,in,1,0,spread
2101.03560_p16c1,Pb1-xEuxTe,5,0.12,0.01,in,8,2,thin_strip
2101.04169_p5c1,,8,0.094,0.162,in,0,4,spread
2101.04169_p9c1,,100,0.961,0.362,in,3,0,spread
2101.04433_p3c1,,2,0.028,0.004,in,2,2,tight_cluster
2101.04433_p3c3,P,4,0.025,0.006,in,2,1,tight_cluster
2101.04433_p9c3,FWHM,3,0.076,0.003,in,0,1,tight_cluster
2101.10162_p12c2,,4,0.5,0.32,in,1,1,spread
2101.10162_p12c3,,5,0.9,0.731,in,1,1,spread
2102.00406_p7c1,|ge0⟩,2,0.321,0.137,in,0,2,spread
2102.01796_p3c1,BSE,97,0.674,0.764,in,0,4,spread
2102.04164_p3c1,t0 3,4,0.483,0.229,in,0,1,spread
2102.04164_p5c1,,13,0.305,0.942,in,0,3,spread
2102.04835_p4c2,,12,0.873,0.091,in,1,0,spread
2103.04425_p11c1,,4,0.909,0.909,in,0,0,spread
2103.06880_p10c2,,10,0.8,0.446,in,2,0,spread
2103.06880_p10c3,,10,0.8,0.49,in,2,0,spread
2103.06880_p25c1,$Q$ =,30,0.928,0.555,in,2,0,spread
2103.06880_p25c2,,17,0.616,0.316,in,2,0,spread
2103.06880_p25c3,$Q$ =,16,0.616,0.178,in,2,0,spread
2103.06880_p26c1,,19,0.769,0.616,in,2,0,spread
2103.08506_p4c1,,21,0.467,0.467,in,1,8,spread
2103.08506_p5c2,,33,0.231,0.39,in,0,6,spread
2103.09517_p8c1,S-O splitting,10,0.753,0.557,in,3,2,spread
2103.09702_p5c1,,28,0.534,0.808,in,4,3,spread
2103.14488_p12c1,,6,0.38,0.021,in,0,0,thin_strip
2103.15155_p6c2,,3,0.617,0.697,in,0,2,spread
2103.15155_p6c3,,6,0.487,0.601,in,2,2,spread
2103.15155_p8c2,,8,0.532,0.504,in,1,1,spread
2103.15155_p9c2,,8,0.664,0.355,in,1,1,spread
2104.02142_p2c1,,37,0.566,0.886,in,4,3,spread
2104.02142_p2c2,,36,0.835,0.614,in,4,6,spread
2104.02142_p7c1,(a),2,0.022,0.004,in,1,3,tight_cluster
2104.02142_p8c1,,46,0.556,0.846,in,1,6,spread
2104.03045_p15c3,κext / 2π,22,0.872,0.782,in,1,0,spread
2104.03045_p21c2,,16,0.759,0.468,in,6,2,spread
2104.03621_p6c3,,48,0.927,0.601,in,1,2,spread
2104.04454_p4c2,,9,0.354,0.058,in,2,1,thin_strip
2104.08262_p4c2,Measured,14,0.896,0.528,in,0,2,spread
2104.08998_p8c4,,3,0.17,0.158,in,2,0,spread
2104.08998_p8c7,( u/2)q,3,0.17,0.159,in,2,1,spread
2105.10877_p23c1,,12,0.143,0.589,in,1,2,spread
2105.10877_p24c1,,15,0.224,0.666,in,1,2,spread
2105.13560_p11c1,V=0.1 V=0.2 V=0.4,24,0.92,0.386,in,2,0,spread
2105.13560_p11c2,,23,0.928,0.0,in,4,0,thin_strip
2105.13560_p11c3,V=0.1 V=0.2 V=0.4,24,0.92,0.576,in,2,0,spread
2105.13560_p12c1,,15,0.867,0.264,in,4,0,spread
2105.13560_p12c1,,2,0.0,0.084,in,4,0,thin_strip
2105.13560_p3c1,c,22,0.913,0.251,in,2,0,spread
2106.00416_p10c3,,11,0.184,0.155,in,2,1,spread
2106.00416_p12c2,,4,0.029,0.081,in,2,0,thin_strip
2106.00416_p14c2,,20,0.136,0.21,in,4,4,spread
2106.00416_p15c1,,19,0.167,0.163,in,0,3,spread
2106.00416_p15c2,,19,0.167,0.163,in,0,4,spread
2106.00416_p17c3,,51,0.762,0.485,in,6,0,spread
2106.00416_p17c4,,48,0.752,0.378,in,6,0,spread
2106.05254_p6c2,,11,0.657,0.703,in,0,7,spread
2106.05254_p6c4,0 2 4,13,0.373,0.403,in,6,2,spread
2106.05254_p9c2,,11,0.298,0.666,in,0,3,spread
2106.07290_p3c2,,14,0.042,0.506,in,1,5,thin_strip
2106.09902_p20c2,tr experiment,3,0.266,0.78,in,0,2,spread
2107.01209_p10c1,,35,0.775,0.892,in,1,7,spread
2107.01209_p11c1,,38,0.27,0.681,in,1,2,spread
2107.01209_p11c2,,36,0.26,0.681,in,0,2,spread
2107.01209_p6c1,,17,0.139,0.26,in,0,3,spread
2107.01209_p6c2,,17,0.14,0.26,in,0,3,spread
2107.01209_p6c4,,36,0.647,0.675,in,0,3,spread
2107.01209_p7c1,,21,0.353,0.145,in,0,2,spread
2107.01209_p7c4,,71,0.496,0.331,in,0,4,spread
2107.03066_p7c1,,1000,0.906,0.913,in,0,4,spread
2107.03199_p14c1,,19,0.837,0.391,in,1,1,spread
2107.03199_p14c3,,18,0.6,0.363,in,2,1,spread
2107.03695_p12c2,,21,0.909,0.909,in,0,0,spread
2107.03695_p13c2,(deg),79,0.912,0.227,in,1,4,spread
2107.03695_p13c3,,104,0.909,0.722,in,0,2,spread
2107.03695_p17c1,,51,0.926,0.03,in,0,0,thin_strip
2107.03695_p17c2,,51,0.926,0.247,in,0,0,spread
2107.03695_p17c3,,51,0.926,0.029,in,0,0,thin_strip
2107.03695_p17c4,,51,0.926,0.447,in,0,0,spread
2107.03695_p18c1,EXP,7,0.909,0.909,in,0,1,spread
2107.06826_p5c2,,2,0.0,0.161,in,0,3,thin_strip
2107.06826_p5c5,,2,0.0,0.161,in,0,3,thin_strip
2107.06826_p5c8,,2,0.0,0.161,in,0,3,thin_strip
2107.08659_p13c1,0.8 1.0 1.2 1.4 1.6 1.8 -1,8,0.101,0.162,in,1,3,spread
2107.08659_p13c4,,8,0.101,0.329,in,6,1,spread
2107.08659_p14c4,,8,0.102,0.332,in,6,4,spread
2107.11117_p13c1,,6,0.042,0.302,in,1,3,thin_strip
2107.12019_p4c8,,5,0.704,0.063,in,0,1,thin_strip
2107.12019_p5c2,,7,0.547,0.37,in,2,8,spread
2107.12019_p5c2,,18,0.395,0.568,in,2,8,spread
2107.12019_p6c4,,6,0.256,0.012,in,2,3,thin_strip
2107.12623_p5c2,,2,0.026,0.0,in,1,1,tight_cluster
2107.12623_p6c1,,2,0.026,0.004,in,1,1,tight_cluster
2107.14458_p6c1,,26,0.128,0.226,in,4,3,spread
2107.14458_p6c2,,17,0.066,0.2,in,5,3,thin_strip
2107.14458_p7c1,,18,0.65,0.125,in,6,6,spread
2107.14458_p7c2,,18,0.176,0.657,in,6,6,spread
2107.14458_p7c3,,18,0.086,0.118,in,2,3,spread
2107.14458_p8c1,,16,0.071,0.219,in,5,5,thin_strip
2107.14458_p8c2,,10,0.642,0.503,in,3,1,spread
2107.14458_p8c3,,5,0.017,0.156,in,2,1,thin_strip
2108.02098_p12c1,,2,0.193,0.0,in,2,2,thin_strip
2108.07540_p13c1,,13,0.098,0.112,in,1,1,spread
2108.08006_p5c2,,2,0.019,0.0,in,1,1,tight_cluster
2108.10467_p4c1,,2,0.523,0.539,in,0,3,spread
2109.09284_p6c1,,5,0.056,0.404,in,0,2,thin_strip
2109.09731_p3c1,,19,0.136,0.23,in,0,6,spread
2109.11915_p2c1,,22,0.913,0.803,in,1,0,spread
2109.13557_p2c3,,2,0.35,0.357,in,0,2,spread
2110.02717_p4c1,,3,0.066,0.01,in,0,4,tight_cluster
2110.02717_p5c1,,3,0.066,0.01,in,1,2,tight_cluster
2110.06036_p11c1,,12,0.701,0.814,in,1,1,spread
2110.06036_p8c1,,9,0.849,0.655,in,1,2,spread
2110.12101_p2c2,,3,0.078,0.006,in,2,0,tight_cluster
2110.12818_p16c1,,18,0.444,0.029,in,3,0,thin_strip
2110.12818_p18c1,,13,0.342,0.1,in,1,1,spread
2110.12818_p19c1,,16,0.639,0.034,in,4,0,thin_strip
2110.13803_p11c1,(b),18,0.514,0.206,in,3,0,spread
2110.13803_p11c2,(c),17,0.513,0.206,in,4,0,spread
2110.13803_p11c3,,17,0.513,0.206,in,4,0,spread
2110.13803_p11c4,(e),18,0.514,0.206,in,4,0,spread
2110.13803_p11c5,(f),17,0.513,0.206,in,4,0,spread
2110.13803_p11c6,,18,0.513,0.206,in,4,0,spread
2110.13803_p11c7,(h),17,0.511,0.206,in,4,0,spread
2110.13803_p11c8,(i),17,0.513,0.206,in,4,0,spread
2110.13803_p11c9,,17,0.511,0.206,in,4,0,spread
2110.13803_p12c10,,18,0.555,0.206,in,4,0,spread
2110.13803_p12c11,(i),23,0.453,0.288,in,4,0,spread
2110.13803_p12c12,(i),23,0.453,0.297,in,4,0,spread
2110.13803_p12c13,(i),23,0.464,0.288,in,4,0,spread
2110.13803_p12c14,,17,0.553,0.206,in,4,0,spread
2110.13803_p12c15,,17,0.555,0.206,in,4,0,spread
2110.13803_p12c16,,17,0.553,0.206,in,4,0,spread
2110.13803_p12c17,(i),23,0.455,0.288,in,4,0,spread
2110.13803_p12c18,(i),23,0.453,0.297,in,4,0,spread
2110.13803_p12c19,(i),23,0.455,0.297,in,4,0,spread
2110.13803_p12c2,,18,0.557,0.206,in,3,0,spread
2110.13803_p12c3,,17,0.555,0.206,in,4,0,spread
2110.13803_p12c4,,17,0.555,0.206,in,4,0,spread
2110.13803_p12c5,(i),23,0.453,0.288,in,4,0,spread
2110.13803_p12c6,(i),23,0.453,0.296,in,4,0,spread
2110.13803_p12c7,(i),23,0.453,0.296,in,4,0,spread
2110.13803_p12c8,,18,0.557,0.206,in,4,0,spread
2110.13803_p12c9,,17,0.555,0.206,in,4,0,spread
2111.00708_p14c1,,104,0.992,0.43,in,3,0,spread
2111.00708_p14c8,,13,0.741,0.085,in,2,0,spread
2111.00708_p15c7,,14,0.747,0.437,in,2,3,spread
2111.00708_p15c8,3.8 r,13,0.755,0.5,in,2,2,spread
2111.00708_p4c1,,84,0.88,0.748,in,3,0,spread
2111.00708_p4c2,(d),13,0.829,0.256,in,2,0,spread
2111.00708_p4c3,,13,0.909,0.697,in,3,0,spread
2111.00708_p8c1,0 T,13,0.837,0.672,in,0,0,spread
2111.02658_p9c1,,122,0.959,0.886,in,6,0,spread
2111.04603_p8c1,,15,0.276,0.463,in,1,3,spread
2111.04603_p8c2,,14,0.474,0.379,in,1,3,spread
2111.04603_p9c1,,5,0.079,0.231,in,0,3,thin_strip
2111.04624_p20c3,,55,0.568,0.165,in,0,0,spread
2111.05667_p10c1,j = 1.0000,10,0.818,0.555,in,2,0,spread
2111.05667_p5c2,κ = 6 ns−1,21,0.953,0.566,in,3,0,spread
2111.07705_p4c3,,14,0.33,0.122,in,0,2,spread
2111.07705_p6c1,,30,0.638,0.111,in,0,2,spread
2111.07705_p6c2,,2,0.0,0.037,in,0,2,tight_cluster
2111.07705_p6c3,,14,0.33,0.122,in,0,1,spread
2111.07705_p6c5,,66,0.706,0.294,in,0,4,spread
2111.07705_p6c7,,14,0.171,0.155,in,0,1,spread
2111.10104_p5c2,,14,0.655,0.83,in,4,8,spread
2111.10104_p6c2,,12,0.321,0.673,in,1,1,spread
2111.10576_p36c1,"3at% Sn, 5 nm",14,0.937,0.611,in,1,2,spread
2111.10576_p36c2,"3at% Sn, 5 nm",13,0.936,0.853,in,1,1,spread
2111.11222_p4c1,,3,0.087,0.022,in,1,1,thin_strip
2111.11610_p17c1,,3,0.709,0.285,in,0,4,spread
2111.11610_p23c1,Mg,4,0.566,0.234,in,0,5,spread
2111.11610_p9c1,-40 C,8,0.909,0.225,in,5,0,spread
2111.11621_p10c1,,23,0.111,0.393,in,1,4,spread
2111.11621_p4c3,,2,0.029,0.025,in,1,2,tight_cluster
2111.11621_p6c1,,12,0.066,0.404,in,0,4,thin_strip
2111.13242_p8c1,,11,0.125,0.076,in,2,0,thin_strip
2111.13242_p8c2,,11,0.125,0.076,in,2,0,thin_strip
2112.01373_p5c1,,79,0.953,0.719,in,5,0,spread
2112.01633_p10c1,w pretraining,6,0.909,0.548,in,1,0,spread
2112.01633_p10c2,w pretraining,6,0.909,0.406,in,1,0,spread
2112.01633_p6c1,w pretraining,7,0.909,0.388,in,1,0,spread
2112.01633_p6c2,w pretraining,7,0.909,0.467,in,1,0,spread
2112.01633_p6c3,w pretraining,7,0.909,0.44,in,1,0,spread
2112.02798_p4c1,Vp--,3,0.046,0.003,in,0,5,tight_cluster
2112.02798_p4c2,VAs --,3,0.047,0.003,in,0,5,tight_cluster
2112.02798_p4c4,vp--,4,0.854,0.737,in,0,5,spread
2112.02798_p4c5,,13,0.354,0.142,in,1,5,spread
2112.02798_p4c6,: Gasb --,17,0.838,0.888,in,0,4,spread
2112.02798_p4c7,:(g),7,0.046,0.242,in,0,6,thin_strip
2112.02798_p4c8,:AS1n --,10,0.846,0.363,in,1,5,spread
2112.02798_p5c1,VGa+BiAs --,27,0.704,0.395,in,1,7,spread
2112.02798_p5c3,,18,0.428,0.863,in,1,7,spread
2112.07604_p15c1,,2,0.134,0.0,in,0,6,thin_strip
2112.07604_p17c1,,2,0.021,0.001,in,0,4,tight_cluster
2112.07604_p26c1,approx,2,0.178,0.0,in,0,3,thin_strip
2112.09928_p11c3,(d),2,0.022,0.0,in,0,4,tight_cluster
2112.09928_p11c4,,2,0.023,0.002,in,2,4,tight_cluster
2112.09928_p11c5,,2,0.015,0.007,in,0,4,tight_cluster
2112.09928_p9c1,,11,0.746,0.923,in,1,30,spread
2112.11900_p3c8,,8,0.755,0.597,in,0,1,spread
2112.11900_p4c5,291 mK,7,0.795,0.52,in,0,1,spread
2201.01701_p21c1,,20,0.278,0.094,in,2,1,spread
2201.02695_p2c1,,8,0.959,0.686,in,3,1,spread
2201.03020_p12c2,,8,0.43,0.145,in,2,5,spread
2201.03020_p13c1,,47,0.357,0.873,in,0,4,spread
2201.03020_p17c1,,35,0.681,0.112,in,2,2,spread
2201.04794_p3c1,v-axis (u=0),3,0.075,0.031,in,0,4,tight_cluster
2201.04794_p4c1,,62,0.738,0.767,in,6,0,spread
2201.08637_p5c4,,12,0.297,0.003,in,3,1,thin_strip
2201.08637_p5c4,,3,0.11,0.031,in,3,1,thin_strip
2202.01133_p3c1,GM1,16,0.626,0.486,in,2,8,spread
2202.01133_p3c1,Total,8,0.331,0.287,in,2,8,spread
2202.01133_p4c1,= 0.2 eV,12,0.901,0.183,in,0,3,spread
2202.06724_p5c2,Pillar 1,6,0.469,0.844,in,3,0,spread
2202.10604_p4c1,VFI-Si36,7,0.788,0.094,in,8,0,spread
2202.10860_p7c1,,163,0.895,0.773,in,0,1,spread
2202.10860_p7c2,,181,0.861,0.839,in,0,1,spread
2202.10860_p7c4,,101,0.882,0.909,in,0,1,spread
2202.10860_p7c5,,102,0.893,0.909,in,0,1,spread
2203.00695_p13c1,2020 Fit: y = 0.32x 0.96,16,0.909,0.88,in,1,2,spread
2203.00695_p18c2,Mean 2020,13,0.846,0.839,in,1,0,spread
2203.00695_p18c3,Mean 2020,13,0.859,0.45,in,1,1,spread
2203.00695_p18c4,Mean red2 2020,13,0.846,0.409,in,1,1,spread
2203.00695_p22c2,,6,0.778,0.836,in,1,0,spread
2203.00695_p24c1,2020 open,6,0.684,0.689,in,2,2,spread
2203.08779_p6c1,,16,0.938,0.571,in,0,1,spread
2203.10049_p4c2,,22,0.921,0.857,in,1,12,spread
2203.12542_p15c2,,11,0.733,0.511,in,1,6,spread
2204.00836_p17c1,,2,0.019,0.001,in,0,2,tight_cluster
2204.00836_p17c2,,2,0.021,0.003,in,0,2,tight_cluster
2204.00842_p5c2,,8,0.753,0.404,in,1,2,spread
2204.00842_p5c3,exciton:,2,0.02,0.003,in,2,3,tight_cluster
2204.00842_p5c4,exciton:,2,0.018,0.002,in,2,3,tight_cluster
2204.01447_p3c1,,24,0.497,0.517,in,1,4,spread
2204.08212_p10c1,,44,0.888,0.742,in,2,3,spread
2204.08212_p10c2,,31,0.651,0.89,in,3,0,spread
2204.08212_p11c2,,26,0.652,0.182,in,2,1,spread
2204.08212_p16c1,,10,0.413,0.539,in,0,10,spread
2204.08212_p16c2,,19,0.326,0.518,in,0,4,spread
2204.08212_p7c1,,9,0.083,0.335,in,2,2,spread
2204.08212_p7c2,,18,0.806,0.633,in,2,2,spread
2204.08212_p8c1,,16,0.859,0.812,in,4,0,spread
2204.08212_p8c1,,10,0.859,0.343,in,4,0,spread
2204.08212_p8c2,,24,0.686,0.845,in,2,0,spread
2204.08212_p9c1,,25,0.815,0.726,in,3,7,spread
2204.08212_p9c2,,28,0.807,0.751,in,2,4,spread
2204.11743_p19c7,,27,0.212,0.313,in,3,1,spread
2204.12370_p4c1,,2,0.02,0.003,in,5,0,tight_cluster
2204.12546_p6c1,,20,0.236,0.802,in,0,4,spread
2204.12618_p7c2,,5,0.164,0.138,in,2,1,spread
2204.12618_p7c2,,7,0.834,0.151,in,2,1,spread
2205.00251_p5c1,,28,0.566,0.619,in,2,3,spread
2205.00251_p6c2,,35,0.668,0.753,in,2,2,spread
2205.00251_p7c1,,14,0.173,0.484,in,3,2,spread
2205.00251_p7c6,,33,0.358,0.102,in,0,2,spread
2205.00251_p8c5,,50,0.761,0.65,in,5,1,spread
2205.00261_p4c1,,2,0.092,0.056,in,9,0,thin_strip
2205.03395_p17c1,,7,0.108,0.015,in,0,1,thin_strip
2205.03395_p5c1,,13,0.143,0.17,in,0,2,spread
2205.03395_p5c2,,13,0.146,0.172,in,0,2,spread
2205.03395_p5c3,,13,0.15,0.172,in,0,1,spread
2205.03395_p5c4,,13,0.156,0.181,in,0,1,spread
2205.03395_p5c5,,13,0.146,0.173,in,0,1,spread
2205.03395_p8c1,,33,0.485,0.342,in,0,3,spread
2205.06410_p3c1,,10,0.361,0.165,in,0,1,spread
2205.07176_p3c1,,6,0.205,0.019,in,2,1,thin_strip
2205.07176_p4c3,rel (hours),24,0.882,0.328,in,8,11,spread
2205.07176_p6c2,,15,0.182,0.443,in,2,3,spread
2205.07176_p7c3,(b),6,0.17,0.018,in,1,1,thin_strip
2205.10286_p13c1,= 1.0 µeV T 2,2,0.0,0.098,in,2,1,thin_strip
2205.10286_p14c2,,2,0.0,0.107,in,0,2,thin_strip
2205.10286_p18c1,,2,0.0,0.105,in,2,0,thin_strip
2205.10286_p4c3,",Q1 = + 0.1 µB",55,0.904,0.282,in,0,0,spread
2205.15962_p29c2,,2,0.004,0.077,in,2,3,tight_cluster
2206.00399_p5c1,,22,0.301,0.72,in,0,4,spread
2206.01957_p4c1,(b),2,0.035,0.0,in,1,50,tight_cluster
2206.02057_p8c1,,28,0.808,0.842,in,2,5,spread
2206.03650_p14c2,,2,0.027,0.021,in,1,1,tight_cluster
2206.03650_p3c2,,15,0.335,0.182,in,1,1,spread
2206.03650_p4c1,,6,0.034,0.22,in,1,3,thin_strip
2206.03650_p4c3,,29,0.754,0.809,in,2,2,spread
2206.03650_p4c4,,6,0.1,0.134,in,1,2,spread
2206.03650_p7c2,,2,0.046,0.005,in,5,1,tight_cluster
2206.06166_p4c1,,6,0.0,0.0,in,0,2,tight_cluster
2206.09702_p7c1,,25,0.464,0.517,in,3,2,spread
2206.10933_p2c2,,50,0.882,0.476,in,2,2,spread
2207.02006_p5c1,,20,0.715,0.683,in,0,2,spread
2207.03570_p13c2,-7 V,7,0.904,0.169,in,5,5,spread
2207.04425_p3c3,(eV),2,0.033,0.005,in,3,1,tight_cluster
2207.04425_p4c3,,2,0.033,0.005,in,4,0,tight_cluster
2207.08787_p10c1,,14,0.279,0.206,in,0,2,spread
2207.08787_p10c2,,14,0.289,0.213,in,0,2,spread
2207.08787_p10c3,,14,0.275,0.202,in,0,2,spread
2207.08787_p10c4,,14,0.279,0.206,in,0,2,spread
2207.08787_p5c1,,14,0.147,0.108,in,0,2,spread
2207.08787_p8c1,,14,0.147,0.109,in,2,2,spread
2207.08787_p9c1,,14,0.228,0.168,in,0,4,spread
2207.08787_p9c2,,14,0.228,0.168,in,0,4,spread
2207.09569_p6c3,Direct,30,0.695,0.502,in,19,0,spread
2207.12050_p13c2,6κ,10,0.667,0.593,in,0,0,spread
2207.14123_p38c1,,4,0.68,0.006,in,0,1,thin_strip
2207.14123_p39c1,,5,0.68,0.003,in,0,1,thin_strip
2208.05337_p5c1,50% Al,20,0.905,0.613,in,3,0,spread
2208.05337_p6c1,50% Al,20,0.905,0.223,in,3,0,spread
2208.05337_p6c2,50% Al,20,0.905,0.695,in,3,0,spread
2208.06172_p6c9,,29,0.69,0.715,in,3,0,spread
2208.07392_p16c1,,6,0.015,0.224,in,0,6,thin_strip
2208.10094_p22c1,= 39.7 MHz,34,0.659,0.674,in,1,0,spread
2208.10094_p22c2,= 39.7 MHz,34,0.658,0.425,in,1,0,spread
2208.10094_p22c4,= 39.7 MHz,34,0.673,0.83,in,1,1,spread
2208.10094_p4c1,= 0.47 ± 0.1,37,0.938,0.7,in,0,1,spread
2208.10094_p4c2,= 0.47 ± 0.1,79,0.946,0.773,in,0,1,spread
2208.10094_p4c3,= 0.47 ± 0.1,96,0.952,0.588,in,0,1,spread
2208.11842_p7c1,500 W,98,0.969,0.043,in,3,1,thin_strip
2208.11842_p8c1,Without filter,56,0.972,0.398,in,4,5,spread
2209.01139_p10c1,,11,0.909,0.729,in,1,1,spread
2209.01139_p9c1,,11,0.909,0.667,in,1,1,spread
2209.11412_p26c1,B = 50G,11,0.909,0.721,in,3,3,spread
2209.12026_p6c1,,3,0.837,0.237,in,0,6,spread
2209.12745_p7c1,,7,0.909,0.909,in,0,0,spread
2209.15295_p18c1,G0center,2,0.085,0.111,in,0,2,spread
2209.15295_p19c1,,2,0.268,0.32,in,0,1,spread
2210.01746_p14c26,T 2.0,2,0.081,0.019,in,0,2,thin_strip
2210.01746_p14c33,T 1.9,2,0.08,0.019,in,0,2,thin_strip
2210.01746_p14c39,T 1.9,2,0.08,0.019,in,0,2,thin_strip
2210.01746_p14c40,T 0.4,2,0.08,0.019,in,0,2,tight_cluster
2210.01746_p14c46,T 1.7,2,0.08,0.019,in,0,2,tight_cluster
2210.03100_p13c1,,39,0.771,0.518,in,3,0,spread
2210.03252_p20c1,,5,0.833,0.411,in,1,0,spread
2210.03252_p20c2,"𝑁!"" = 2",4,0.778,0.386,in,1,0,spread
2210.03420_p2c2,4 nm,5,0.113,0.444,in,1,0,spread
2210.03420_p2c4,Length (nm ),4,0.139,0.003,in,1,0,thin_strip
2210.03420_p5c2,,5,0.228,0.008,in,11,0,thin_strip
2210.03420_p7c2,10K,2,0.084,0.008,in,7,0,thin_strip
2210.05429_p5c1,,6,0.201,0.197,in,0,2,spread
2210.05429_p5c2,0.5 1.0 1.5 2.0 2.5 3.0,6,0.2,0.194,in,0,2,spread
2210.05429_p5c4,0.5 1.0 1.5 2.0 2.5 3.0,6,0.132,0.198,in,1,1,spread
2210.07628_p7c1,(a),2,0.007,0.347,in,0,5,thin_strip
2210.07628_p7c2,(b),11,0.703,0.737,in,5,1,spread
2210.09942_p9c5,,2,0.315,0.007,in,1,0,thin_strip
2210.13870_p12c1,F$_{\mathrm{p}}$ = 6.1,248,0.99,0.783,in,0,1,spread
2210.13870_p12c2,F$_{\mathrm{p}}$ = 6.1,2200,0.997,0.952,in,0,2,spread
2210.14696_p4c1,TB,9,0.94,0.911,in,4,5,spread
2210.16686_p4c2,,15,0.507,0.085,in,3,1,spread
2210.16686_p7c2,,7,0.398,0.292,in,1,3,spread
2211.03321_p10c1,,3,0.055,0.007,in,0,3,tight_cluster
2211.03321_p10c3,,3,0.048,0.002,in,0,3,tight_cluster
2211.03321_p7c1,,9,0.329,0.644,in,0,1,spread
2211.03321_p7c2,,9,0.326,0.66,in,0,2,spread
2211.03321_p7c4,,9,0.329,0.651,in,0,1,spread
2211.03321_p8c1,,17,0.891,0.882,in,0,1,spread
2211.03321_p8c3,,16,0.883,0.856,in,0,1,spread
2211.03321_p9c1,,6,0.012,0.191,in,0,4,thin_strip
2211.07119_p4c1,Exp,121,0.871,0.361,in,0,3,spread
2211.14127_p4c1,j) 1,329,0.837,0.845,in,0,1,spread
2211.15415_p8c4,,24,0.203,0.413,in,3,0,spread
2211.15415_p8c5,,23,0.203,0.357,in,3,0,spread
2211.15415_p8c6,,24,0.203,0.201,in,3,0,spread
2211.15415_p9c10,,25,0.203,0.287,in,3,0,spread
2211.15415_p9c11,,25,0.203,0.133,in,3,0,spread
2211.15415_p9c12,,25,0.203,0.254,in,3,0,spread
2211.15415_p9c13,,2,0.012,0.031,in,3,0,tight_cluster
2211.15415_p9c9,,22,0.203,0.195,in,3,0,spread
2211.16845_p16c1,,2,0.502,0.0,in,0,2,thin_strip
2212.03438_p16c1,,2,0.06,0.008,in,0,6,tight_cluster
2212.03438_p7c1,,20,0.909,0.311,in,2,1,spread
2212.04472_p5c2,,12,0.037,0.436,in,0,6,thin_strip
2212.04472_p6c2,0.2 0.3 0.4 0.5 0.6,44,0.335,0.418,in,0,5,spread
2301.00137_p4c1,Magnetic 330 K,159,0.909,0.903,in,0,0,spread
2302.00144_p16c1,l2,15,0.243,0.159,in,0,2,spread
2302.00144_p6c1,,3,0.05,0.007,in,1,2,tight_cluster
2302.00144_p6c2,,3,0.053,0.012,in,1,2,tight_cluster
2302.01559_p39c4,,16,0.918,0.34,in,1,2,spread
2302.01559_p39c5,,16,0.892,0.097,in,1,2,spread
2302.01782_p15c1,,9,0.91,0.822,in,0,1,spread
2302.02480_p15c1,,52,0.971,0.74,in,0,2,spread
2302.02480_p7c3,2𝜋,7,0.909,0.674,in,0,0,spread
2302.03700_p10c1,,39,0.83,0.819,in,0,1,spread
2302.03700_p10c2,,39,0.919,0.872,in,0,1,spread
2302.03700_p8c3,Normal 1,14,0.921,0.022,in,3,4,thin_strip
2302.04095_p5c1,,13,0.089,0.116,in,0,3,spread
2302.09567_p175c3,,2,0.098,0.0,in,1,2,thin_strip
2302.09567_p175c4,,3,0.185,0.01,in,1,2,thin_strip
2302.09567_p317c2,TPV Profile,2,0.118,0.077,in,0,3,thin_strip
2302.12137_p3c2,(cm 1),3,0.279,0.245,in,0,10,spread
2302.12137_p4c1,(cm 1),3,0.268,0.217,in,0,4,spread
2302.14206_p11c2,,2,0.0,0.016,in,0,2,tight_cluster
2303.01027_p6c1,,9,0.79,0.383,in,0,1,spread
2303.04823_p8c1,,24,0.219,0.155,in,0,3,spread
2303.04960_p3c1,,134,0.941,0.79,in,0,1,spread
2303.04960_p3c1,,133,0.941,0.79,in,0,1,spread
2303.04960_p3c2,,25,0.895,0.66,in,1,4,spread
2303.04960_p3c2,,18,0.895,0.66,in,1,4,spread
2303.04960_p3c3,,496,0.954,0.922,in,0,1,spread
2303.04960_p3c4,,47,0.935,0.931,in,0,1,spread
2303.04960_p5c3,,5,0.56,0.166,in,1,1,spread
2303.04960_p5c4,,6,0.17,0.677,in,2,2,spread
2303.05951_p15c1,,3,0.0,0.0,in,0,2,tight_cluster
2303.05951_p16c1,,2,0.0,0.0,in,2,0,tight_cluster
2303.09610_p23c1,,9,0.747,0.592,in,0,0,spread
2303.09610_p23c2,,8,0.747,0.544,in,0,0,spread
2303.09610_p23c3,,9,0.747,0.74,in,0,0,spread
2304.01683_p4c1,,3,0.094,0.012,in,1,1,thin_strip
2304.01683_p4c2,T=5K,9,0.71,0.112,in,0,3,spread
2304.05949_p12c1,,5,0.761,0.151,in,0,5,spread
2304.09343_p12c1,,5,0.108,0.268,in,2,3,spread
2304.09343_p8c2,,8,0.888,0.256,in,4,1,spread
2304.09343_p9c1,1/2,4,0.492,0.629,in,2,3,spread
2304.09343_p9c3,1/2,3,0.438,0.258,in,4,4,spread
2304.09343_p9c4,1/2,5,0.438,0.548,in,2,4,spread
2304.11245_p5c1,,5,0.014,0.267,in,0,7,thin_strip
2304.11972_p20c1,,2,0.0,0.18,in,0,3,thin_strip
2304.11972_p20c2,,2,0.1,0.0,in,0,1,thin_strip
2304.14327_p10c1,,4,0.001,0.541,in,5,4,thin_strip
2304.14327_p6c1,,19,0.235,0.582,in,3,0,spread
2305.03666_p5c1,,17,0.909,0.734,in,0,0,spread
2305.03666_p5c2,,17,0.909,0.652,in,0,0,spread
2305.12592_p8c1,,5,0.102,0.034,in,1,0,thin_strip
2305.12592_p8c2,,5,0.103,0.033,in,1,0,thin_strip
2305.13676_p4c1,,8,0.733,0.112,in,0,2,spread
2305.19631_p20c1,,4,0.802,0.786,in,7,0,spread
2306.02233_p36c1,W,1171,0.885,0.839,in,0,1,spread
2306.02233_p36c2,N O,1200,0.905,0.831,in,0,1,spread
2306.02233_p36c3,N O,1188,0.907,0.792,in,0,1,spread
2306.06229_p14c1,,7,0.199,0.852,in,4,50,spread
2306.06229_p27c2,,3,0.198,0.156,in,0,4,spread
2306.07109_p23c1,,50,0.815,0.926,in,0,0,spread
2306.08643_p6c1,18cm-3,2,0.027,0.007,in,3,4,tight_cluster
2306.08643_p7c2,,19,0.158,0.216,in,1,10,spread
2306.12537_p6c1,"Experiment,zb-QW",55,0.875,0.809,in,1,1,spread
2306.13921_p14c1,,7,0.445,0.034,in,2,2,thin_strip
2306.13921_p14c2,,7,0.372,0.244,in,2,3,spread
2307.05602_p6c1,,13,0.908,0.667,in,0,5,spread
2307.05872_p14c2,,11,0.568,0.841,in,3,4,spread
2307.08546_p18c1,,16,0.082,0.306,in,0,3,spread
2307.08546_p7c1,,25,0.713,0.02,in,1,4,thin_strip
2307.08546_p7c2,,25,0.136,0.385,in,1,4,spread
2307.08546_p8c1,,31,0.347,0.268,in,1,2,spread
2307.08546_p8c2,,31,0.362,0.273,in,1,2,spread
2307.08546_p8c3,,30,0.343,0.275,in,1,2,spread
2307.14717_p4c3,,22,0.899,0.907,in,0,0,spread
2307.15654_p20c1,,67,0.807,0.768,in,0,1,spread
2307.15654_p20c2,,77,0.938,0.902,in,0,1,spread
2307.15654_p20c3,,76,0.871,0.903,in,0,0,spread
2307.15654_p28c1,,86,0.957,0.495,in,0,0,spread
2307.15654_p32c4,,24,0.528,0.541,in,1,2,spread
2307.15654_p5c2,,25,0.722,0.598,in,1,1,spread
2308.00711_p5c1,Q1,11,0.869,0.841,in,5,6,spread
2308.03430_p4c2,eV,2,0.036,0.0,in,0,1,tight_cluster
2308.07879_p40c2,,14,0.719,0.021,in,5,0,thin_strip
2308.12778_p4c1,,134,0.9,0.839,in,0,1,spread
2309.02879_p29c2,,2,0.157,0.006,in,4,11,thin_strip
2309.05945_p2c1,,24,0.686,0.792,in,0,11,spread
2309.05945_p2c2,,18,0.442,0.448,in,0,7,spread
2309.05945_p3c4,,4,0.139,0.011,in,3,0,thin_strip
2309.09190_p4c1,,75,0.445,0.552,in,1,3,spread
2309.09190_p4c2,,19,0.457,0.055,in,3,4,thin_strip
2309.09190_p4c3,,63,0.512,0.797,in,2,3,spread
2309.09190_p7c1,,47,0.85,0.689,in,1,0,spread
2309.09190_p7c2,,40,0.258,0.18,in,7,2,spread
2309.09190_p8c1,,48,0.667,0.854,in,1,1,spread
2309.09190_p8c2,,50,0.531,0.877,in,1,1,spread
2309.11192_p4c2,,3,0.008,0.699,in,2,2,thin_strip
2309.16908_p9c1,q,26,0.591,0.486,in,2,0,spread
2309.16908_p9c2,q,27,0.589,0.483,in,2,0,spread
2309.16908_p9c4,,26,0.576,0.488,in,2,0,spread
2309.16908_p9c5,q,27,0.587,0.506,in,2,0,spread
2309.16908_p9c6,q,27,0.585,0.486,in,2,0,spread
2309.17374_p12c1,,99,0.456,0.421,in,0,4,spread
2310.02047_p5c1,,42,0.917,0.07,in,14,0,thin_strip
2310.02047_p7c1,,4,0.909,0.637,in,3,0,spread
2310.02047_p7c2,UV-TCT,22,0.878,0.089,in,7,0,spread
2310.05663_p4c2,,3,0.072,0.008,in,1,1,tight_cluster
2310.06834_p4c1,,19,0.922,0.618,in,0,3,spread
2310.08591_p9c1,,12,0.431,0.439,in,4,6,spread
2310.09904_p10c1,,57,0.776,0.788,in,1,5,spread
2310.09904_p5c1,,24,0.08,0.387,in,0,5,thin_strip
2310.09904_p5c2,,2,0.022,0.004,in,1,0,tight_cluster
2310.14887_p5c1,without Al coating,7,0.909,0.079,in,1,0,thin_strip
2310.14887_p6c1,without Al coating,7,0.909,0.58,in,1,0,spread
2310.14887_p6c2,without Al coating,3,0.784,0.287,in,0,2,spread
2310.14887_p6c3,without Al coating,3,0.784,0.287,in,0,2,spread
2310.14887_p9c1,Measured (All),11,0.936,0.16,in,2,7,spread
2310.15167_p2c1,,19,0.285,0.48,in,1,7,spread
2311.00622_p4c2,,18,0.9,0.736,in,2,0,spread
2311.00622_p4c4,T = 18 K,10,0.765,0.569,in,1,1,spread
2311.01847_p8c3,DFT corrected,9,0.667,0.172,in,1,0,spread
2311.06077_p14c1,,29,0.896,0.854,in,0,0,spread
2311.07337_p16c2,,60,0.909,0.504,in,0,0,spread
2311.07337_p16c4,,116,0.909,0.248,in,0,0,spread
2311.07337_p16c6,,145,0.909,0.339,in,0,0,spread
2311.09931_p3c10,,2,0.001,0.119,in,0,47,thin_strip
2311.09931_p3c6,,2,0.001,0.119,in,0,14,thin_strip
2311.15008_p3c1,,24,0.831,0.864,in,0,3,spread
2311.15008_p3c2,,32,0.801,0.866,in,0,3,spread
2311.15008_p3c5,γ = 2 V,64,0.919,0.83,in,0,3,spread
2311.15008_p3c6,,68,0.758,0.581,in,0,3,spread
2311.15008_p4c1,,46,0.814,0.504,in,0,3,spread
2311.15008_p4c3,,106,0.929,0.689,in,0,3,spread
2311.18335_p3c1,,164,0.958,0.024,in,4,2,thin_strip
2312.00985_p12c2,(a),21,0.733,0.56,in,2,3,spread
2312.03713_p3c1,4.2K- LHe,2,0.0,0.0,in,3,2,tight_cluster
2312.03713_p3c1,,2,0.027,0.606,in,3,2,thin_strip
2312.05444_p11c5,Fit,7,0.894,0.875,in,2,0,spread
2312.14629_p4c3,,22,0.851,0.666,in,0,1,spread
2401.00138_p5c1,,8,0.726,0.9,in,0,1,spread
2401.00138_p8c2,,3,0.098,0.007,in,1,0,thin_strip
2401.03617_p3c1,,2,0.025,0.054,in,0,3,tight_cluster
2401.03617_p3c2,,2,0.025,0.054,in,0,3,tight_cluster
2401.03617_p3c3,,2,0.019,0.054,in,0,3,tight_cluster
2401.03617_p3c4,,2,0.019,0.054,in,0,3,tight_cluster
2401.03617_p4c1,,2,0.026,0.054,in,0,3,tight_cluster
2401.03617_p4c2,,2,0.025,0.054,in,0,3,tight_cluster
2401.03617_p4c3,,2,0.019,0.054,in,0,3,tight_cluster
2401.03617_p4c4,,2,0.019,0.054,in,0,3,tight_cluster
2401.05089_p24c1,,12,0.095,0.591,in,0,8,spread
2401.05089_p24c10,,13,0.173,0.748,in,0,10,spread
2401.05089_p24c4,,13,0.047,0.548,in,0,6,thin_strip
2401.05089_p24c7,,13,0.179,0.708,in,0,7,spread
2401.07191_p8c1,,18,0.839,0.874,in,2,4,spread
2401.07191_p8c2,,4,0.163,0.015,in,2,5,thin_strip
2401.09402_p5c4,,2,0.0,0.056,in,2,0,tight_cluster
2401.09402_p5c5,,2,0.001,0.236,in,2,0,thin_strip
2401.13025_p17c2,,2,0.095,0.208,in,0,2,spread
2401.16805_p4c2,10 11 12,48,0.723,0.798,in,1,2,spread
2401.16805_p8c1,,22,0.716,0.774,in,1,3,spread
2401.16805_p8c2,,24,0.707,0.776,in,1,2,spread
2401.16805_p8c3,,22,0.741,0.785,in,2,3,spread
2402.04395_p4c1,,9,0.855,0.696,in,13,12,spread
2402.10330_p5c1,(b),33,0.779,0.807,in,1,3,spread
2402.11603_p10c3,,25,0.803,0.462,in,0,2,spread
2402.11603_p4c1,,20,0.88,0.76,in,0,1,spread
2402.12296_p22c1,:0.5,25,0.928,0.909,in,0,1,spread
2402.12296_p22c2,:1.0 T (K),25,0.928,0.909,in,0,1,spread
2402.12296_p22c3,:1.5 T (K),25,0.928,0.909,in,0,1,spread
2402.12296_p22c4,:2.0,25,0.928,0.909,in,0,1,spread
2402.12296_p22c5,:2.5 T (K),23,0.928,0.909,in,0,1,spread
2402.12296_p22c6,:3.0,20,0.928,0.907,in,0,1,spread
2402.13363_p2c1,,12,0.251,0.001,in,7,11,thin_strip
2402.16630_p10c1,,5,0.682,0.398,in,0,2,spread
2402.16630_p10c2,,5,0.682,0.367,in,0,4,spread
2402.16630_p10c3,,7,0.809,0.448,in,0,0,spread
2402.16691_p7c1,,2,0.023,0.024,in,0,7,tight_cluster
2403.00191_p20c1,,33,0.946,0.612,in,0,3,spread
2403.07251_p2c2,,12,0.336,0.666,in,5,8,spread
2403.07251_p4c1,,6,0.035,0.492,in,3,2,thin_strip
2403.07474_p3c1,5 10 15 20 25 30 35,2,0.035,0.0,in,0,1,tight_cluster
2403.08533_p10c1,,7,0.811,0.332,in,8,3,spread
2403.08533_p24c2,Orignal GaAs,6,0.639,0.692,in,2,3,spread
2403.12888_p6c1,,89,0.904,0.903,in,0,1,spread
2403.12888_p7c1,,50,0.566,0.933,in,1,0,spread
2403.12888_p7c2,,124,0.646,0.937,in,1,0,spread
2404.02760_p11c5,,4,0.67,0.423,in,2,0,spread
2404.02760_p11c6,,4,0.586,0.26,in,2,0,spread
2404.02760_p9c4,,6,0.781,0.46,in,1,1,spread
2404.02760_p9c5,,6,0.781,0.446,in,2,0,spread
2404.02760_p9c6,,5,0.625,0.354,in,2,0,spread
2404.02760_p9c7,,6,0.806,0.408,in,2,0,spread
2404.06899_p3c1,,63,0.97,0.548,in,1,1,spread
2404.06899_p4c1,,164,0.97,0.657,in,0,0,spread
2404.06899_p4c2,,195,0.97,0.646,in,0,1,spread
2404.06899_p8c1,,95,0.965,0.632,in,0,1,spread
2404.06899_p8c2,,166,0.975,0.638,in,0,1,spread
2404.06899_p8c3,,190,0.975,0.638,in,0,1,spread
2404.07014_p17c1,#1,4,0.61,0.875,in,4,4,spread
2404.07014_p18c1,,3,0.095,0.87,in,3,3,spread
2404.07014_p18c4,,6,0.156,0.629,in,3,3,spread
2404.07014_p18c5,,5,0.154,0.277,in,3,3,spread
2404.07014_p18c6,,5,0.155,0.276,in,3,3,spread
2404.09212_p12c1,,51,0.909,0.752,in,1,1,spread
2404.09212_p12c2,,9,0.8,0.866,in,0,0,spread
2404.09212_p20c1,,59,0.956,0.014,in,1,0,thin_strip
2404.09212_p20c2,,58,0.944,0.921,in,1,0,spread
2404.10293_p12c1,,12,0.956,0.279,in,2,3,spread
2404.10293_p19c6,,3,0.611,0.869,in,0,1,spread
2404.10293_p21c1,,2,0.595,0.7,in,1,3,spread
2404.10293_p21c2,,2,0.704,0.329,in,1,3,spread
2404.10293_p22c2,,3,0.456,0.006,in,0,1,thin_strip
2404.10293_p22c6,,2,0.103,0.008,in,0,1,thin_strip
2404.13463_p13c3,raw,618,0.88,0.791,in,0,2,spread
2405.03092_p7c1,100.0 W,27,0.909,0.887,in,2,0,spread
2405.03092_p7c2,100.0 W,27,0.909,0.899,in,2,0,spread
2405.06083_p10c2,"| ↑1↓1, ↑1, ↓1, ↑1↓1",6,0.503,0.308,in,0,6,spread
2405.06083_p10c3,"| ↑1↓1, ↑1, ↓1, ↑1↓1",6,0.056,0.75,in,0,6,thin_strip
2405.06083_p11c1,I,4,0.18,0.45,in,0,3,spread
2405.06083_p11c2,ε1 = U1 − 2V1,3,0.013,0.281,in,0,4,thin_strip
2405.06083_p11c3,I,4,0.035,0.167,in,0,4,thin_strip
2405.06083_p11c4,ε1 = 2V1,3,0.019,0.222,in,0,4,thin_strip
2405.06083_p7c1,"| ↑1, ↓1, ↑1, ↓1",3,0.037,0.519,in,0,5,thin_strip
2405.06083_p7c3,"| ↑1, ↓1, ↑1, ↓1",8,0.052,0.759,in,0,8,thin_strip
2405.06083_p8c2,"| ↑1↓1, 0, ↑1, ↓1",2,0.0,0.114,in,0,4,thin_strip
2405.06083_p8c3,"| ↑1↓1, 0, ↑1, ↓1",3,0.0,0.318,in,0,5,thin_strip
2405.06083_p9c1,"| ↑1↓1, ↑1, ↓1, ↑1↓1",5,0.288,0.686,in,0,5,spread
2405.06083_p9c2,"| ↑1↓1, ↑1, ↓1, ↑1↓1",4,0.051,0.52,in,0,6,thin_strip
2405.07978_p22c1,0V,14,0.52,0.485,in,2,8,spread
2405.08357_p14c1,,3,0.221,0.286,in,6,7,spread
2405.08836_p17c1,,2,0.007,0.001,in,0,3,tight_cluster
2405.10477_p20c5,,4,0.136,0.029,in,6,1,thin_strip
2405.10477_p81c4,,8,0.039,0.17,in,0,7,thin_strip
2405.10477_p81c5,,8,0.039,0.171,in,0,7,thin_strip
2405.10477_p81c6,,8,0.039,0.171,in,0,7,thin_strip
2405.10477_p82c4,,8,0.039,0.17,in,0,7,thin_strip
2405.10477_p82c5,,8,0.039,0.17,in,0,8,thin_strip
2405.10477_p82c6,,4,0.021,0.155,in,0,7,thin_strip
2405.10477_p83c4,,8,0.039,0.171,in,0,7,thin_strip
2405.10477_p83c5,,8,0.039,0.169,in,0,7,thin_strip
2405.10477_p83c6,,8,0.039,0.171,in,0,7,thin_strip
2405.10477_p84c4,,8,0.039,0.17,in,0,7,thin_strip
2405.10477_p84c5,,8,0.039,0.171,in,0,7,thin_strip
2405.10477_p84c6,,16,0.044,0.178,in,5,6,thin_strip
2405.12922_p4c3,,8,0.499,0.478,in,2,9,spread
2405.13525_p11c1,xeh,9,0.909,0.519,in,2,1,spread
2405.15696_p6c1,,3,0.043,0.006,in,0,3,tight_cluster
2405.15696_p6c2,,3,0.038,0.013,in,0,2,tight_cluster
2405.19110_p11c1,Dark,7,0.884,0.386,in,9,0,spread
2405.19110_p14c2,Dark,3,0.068,0.029,in,2,4,tight_cluster
2406.08296_p9c1,,3,0.036,0.005,in,2,0,tight_cluster
2406.08296_p9c2,,3,0.032,0.011,in,2,0,tight_cluster
2406.12591_p3c1,Longitudinal,87,0.915,0.69,in,3,8,spread
2406.12825_p22c2,,8,0.059,0.066,in,0,2,tight_cluster
2406.12825_p23c1,,18,0.312,0.234,in,1,5,spread
2406.12825_p26c1,,16,0.109,0.426,in,0,4,spread
2406.17239_p5c2,,9,0.911,0.663,in,0,8,spread
2406.19679_p8c1,= 1.033,16,0.574,0.629,in,0,1,spread
2406.19679_p8c2,= 1.074,16,0.564,0.603,in,0,1,spread
2406.19679_p8c3,= 1.135,16,0.558,0.629,in,0,0,spread
2406.19679_p8c4,= 1.221,14,0.562,0.671,in,0,0,spread
2407.13148_p22c1,,12,0.115,0.224,in,3,2,spread
2407.18876_p5c5,,42,0.823,0.76,in,3,2,spread
2407.20626_p7c1,853.9 eV,30,0.772,0.844,in,7,5,spread
2407.21678_p29c1,,2,0.105,0.425,in,6,3,spread
2408.01111_p14c1,,2,0.297,0.179,in,0,2,spread
2408.01111_p14c2,,2,0.301,0.179,in,0,2,spread
2408.01111_p2c1,,8,0.54,0.444,in,4,1,spread
2408.01111_p3c3,/ Valence band edge ( D<0),5,0.615,0.054,in,7,2,thin_strip
2408.02543_p19c1,,15,0.866,0.799,in,1,0,spread
2408.02543_p19c2,,15,0.866,0.844,in,1,0,spread
2408.02543_p21c2,,56,0.72,0.565,in,3,0,spread
2408.02543_p22c2,,2,0.014,0.31,in,1,0,thin_strip
2408.02742_p12c3,,47,0.86,0.791,in,4,0,spread
2408.05293_p37c1,,4782,0.908,0.701,in,1,3,spread
2408.09901_p5c1,,63,0.909,0.671,in,0,0,spread
2408.14179_p6c1,,25,0.89,0.856,in,2,1,spread
2409.01381_p10c1,,58,0.448,0.269,in,0,2,spread
2409.01381_p10c2,,38,0.268,0.258,in,0,4,spread
2409.01381_p10c5,,12,0.175,0.103,in,0,2,spread
2409.01381_p13c2,,15,0.23,0.098,in,0,1,spread
2409.01381_p13c3,,15,0.23,0.098,in,0,2,spread
2409.01381_p13c4,,15,0.234,0.1,in,0,1,spread
2409.01381_p13c5,,15,0.232,0.1,in,0,2,spread
2409.01381_p13c6,,15,0.233,0.1,in,0,2,spread
2409.01381_p14c1,,16,0.233,0.101,in,0,2,spread
2409.01381_p14c2,,16,0.233,0.101,in,0,2,spread
2409.01381_p9c1,,15,0.118,0.173,in,0,3,spread
2409.01381_p9c2,,52,0.551,0.26,in,1,4,spread
2409.01381_p9c3,,52,0.398,0.328,in,1,5,spread
2409.05640_p8c2,,10,0.938,0.695,in,2,3,spread
2409.05640_p8c3,,9,0.833,0.655,in,2,3,spread
2409.05640_p8c4,,9,0.833,0.699,in,2,3,spread
2409.05640_p8c5,,10,0.937,0.0,in,3,2,thin_strip
2409.07393_p1c1,Experiment,24,0.852,0.767,in,0,6,spread
2409.10530_p10c1,,47,0.781,0.828,in,3,3,spread
2409.10530_p10c3,,44,0.79,0.829,in,3,3,spread
2409.10530_p10c4,,50,0.824,0.845,in,3,3,spread
2409.10530_p5c1,,16,0.088,0.144,in,2,2,spread
2409.10530_p5c2,,52,0.154,0.333,in,4,4,spread
2409.10530_p9c1,,47,0.786,0.822,in,3,3,spread
2409.10845_p11c3,,8,0.959,0.378,in,1,0,spread
2409.11612_p8c1,y(n),40,0.909,0.625,in,1,0,spread
2409.11612_p9c1,y(n),39,0.891,0.625,in,1,0,spread
2409.12732_p8c2,,3,0.052,0.001,in,1,10,tight_cluster
2409.18287_p41c1,,6,0.912,0.906,in,0,0,spread
2409.18287_p41c2,,6,0.908,0.906,in,0,0,spread
2409.18287_p41c3,,10,0.78,0.538,in,0,0,spread
2409.18287_p41c4,,6,0.912,0.912,in,0,0,spread
2409.18287_p41c5,,6,0.908,0.909,in,0,0,spread
2409.20121_p13c1,,4,0.475,0.13,in,9,0,spread
2409.20121_p13c2,,5,0.633,0.183,in,13,0,spread
2410.00955_p8c1,,7,0.215,0.185,in,2,0,spread
2410.03454_p5c1,,5,0.761,0.25,in,5,3,spread
2410.06432_p28c2,,27,0.254,0.558,in,2,8,spread
2410.08621_p6c3,,25,0.933,0.854,in,0,0,spread
2410.09148_p10c1,Free,101,0.952,0.897,in,1,2,spread
2410.09627_p6c3,,15,0.561,0.798,in,1,0,spread
2410.11475_p10c1,,14,0.636,0.653,in,11,4,spread
2410.20845_p11c1,,36,0.374,0.15,in,6,4,spread
2410.21171_p9c1,,12,0.025,0.363,in,0,4,thin_strip
2411.07136_p10c1,vtrap,14,0.912,0.612,in,1,0,spread
2411.07136_p10c2,,14,0.909,0.909,in,0,0,spread
2411.07136_p10c3,,11,0.919,0.909,in,4,2,spread
2411.07136_p11c1,,14,0.909,0.909,in,0,0,spread
2411.07136_p11c2,m Qregion,11,0.919,0.909,in,1,0,spread
2411.07136_p15c1,"= 0.02, = 10 5",6,0.75,0.013,in,2,1,thin_strip
2411.07136_p15c2,"= 0.02, = 10 5",6,0.75,0.525,in,2,1,spread
2411.07136_p15c3,"= 0.02, = 10 5",6,0.75,0.0,in,2,1,thin_strip
2411.07136_p15c4,"= 0.02, = 10 5",6,0.75,0.0,in,2,1,thin_strip
2411.07136_p16c1,,9,0.808,0.909,in,0,0,spread
2411.07136_p16c2,,10,0.909,0.909,in,0,0,spread
2411.07136_p16c3,,10,0.909,0.909,in,0,0,spread
2411.07136_p16c4,,10,0.909,0.909,in,0,0,spread
2411.07136_p7c1,,49,0.909,0.909,in,0,0,spread
2411.07136_p7c2,,49,0.909,0.909,in,0,0,spread
2411.07136_p7c3,,20,0.907,0.909,in,0,0,spread
2411.11673_p3c1,Experimental data,2,0.221,0.247,in,0,2,spread
2411.12320_p6c1,SiC-Graphene50um,2,0.173,0.102,in,2,4,spread
2411.12320_p8c1,- Calc. absorpt.,92,0.87,0.732,in,3,1,spread
2411.15493_p6c1,µx/µy=1,2,0.129,0.116,in,4,6,spread
2412.01466_p5c1,,7,0.833,0.681,in,0,2,spread
2412.02445_p15c1,,9,0.108,0.698,in,4,2,spread
2412.02600_p13c1,MgHfN2,3371,0.985,0.355,in,0,5,spread
2412.02600_p26c2,MgZrN2 + 2 LiBr,3447,0.985,0.705,in,0,1,spread
2412.02600_p28c1,,3413,0.985,0.442,in,0,6,spread
2412.02600_p35c1,fit to Li2ZrN2,2953,0.984,0.302,in,0,7,spread
2412.02600_p36c1,difference,2953,0.984,0.405,in,0,5,spread
2412.02600_p4c1,,3416,0.985,0.513,in,0,5,spread
2412.06973_p3c2,,20,0.939,0.817,in,0,0,spread
2412.08677_p12c1,,11,0.422,0.325,in,1,2,spread
2412.13069_p2c1,NO,5,0.168,0.463,in,2,0,spread
2412.14850_p9c1,0 d,3,0.784,0.287,in,0,2,spread
2501.02868_p8c1,,1437,0.909,0.975,in,0,12,spread
2501.04617_p4c1,,28,0.116,0.217,in,4,5,spread
2501.05054_p11c2,MA,15,0.533,0.171,in,0,2,spread
2501.05054_p15c1,,14,0.283,0.198,in,0,4,spread
2501.05055_p10c3,,10,0.457,0.412,in,0,6,spread
2501.05055_p10c4,,16,0.132,0.229,in,0,8,spread
2501.05055_p11c3,MA,4,0.007,0.073,in,0,4,tight_cluster
2501.11348_p6c1,,33,0.9,0.469,in,2,2,spread
2501.13549_p9c2,,26,0.916,0.618,in,0,0,spread
2501.15244_p5c1,,12,0.378,0.578,in,3,2,spread
2501.15663_p3c3,,2,0.126,0.011,in,3,0,thin_strip
2501.17230_p4c4,,33,0.579,0.388,in,1,2,spread
2502.00642_p40c2,,38,0.909,0.893,in,0,0,spread
2502.00830_p3c4,,32,0.693,0.618,in,5,5,spread
2502.00830_p4c4,,8,0.166,0.123,in,1,1,spread
2502.00830_p5c2,YbCuS2,3,0.065,0.004,in,4,2,tight_cluster
2502.03837_p2c1,,11,0.685,0.474,in,3,1,spread
2502.09786_p2c2,/ L,4,0.034,0.188,in,0,12,thin_strip
2502.09786_p3c1,,25,0.819,0.404,in,1,28,spread
2502.09786_p9c1,,3,0.0,0.148,in,0,3,thin_strip
2502.13809_p21c2,,7,0.75,0.004,in,8,2,thin_strip
2502.13809_p21c3,,8,0.862,0.909,in,0,0,spread
2502.13809_p22c1,,9,0.844,0.169,in,7,1,spread
2502.13809_p22c2,,8,0.862,0.909,in,0,0,spread
2502.13809_p3c4,,9,0.627,0.808,in,1,0,spread
2502.13809_p5c2,,7,0.75,0.011,in,8,1,thin_strip
2502.15531_p21c1,,23,0.872,0.003,in,9,4,thin_strip
2502.15531_p21c2,,23,0.872,0.003,in,9,5,thin_strip
2502.15531_p21c3,,23,0.872,0.003,in,5,2,thin_strip
2502.15899_p13c1,,2,0.004,0.013,in,0,5,tight_cluster
2502.15899_p16c1,,2,0.009,0.007,in,1,6,tight_cluster
2502.15899_p16c2,,2,0.009,0.007,in,1,6,tight_cluster
2502.15899_p16c5,,4,0.036,0.078,in,0,10,tight_cluster
2502.18747_p3c1,,2,0.0,0.044,in,2,2,tight_cluster
2503.05032_p7c2,"eV, tl = 70 eV",2,0.063,0.018,in,0,8,tight_cluster
2503.07760_p3c2,,8,0.824,0.485,in,3,1,spread
2503.07760_p4c1,c,17,0.96,0.355,in,1,1,spread
2503.13209_p6c1,,9,0.318,0.127,in,0,0,spread
2503.17054_p4c1,,30,0.947,0.908,in,1,0,spread
2503.17054_p4c2,,27,0.171,0.361,in,1,4,spread
2503.17054_p4c3,,27,0.176,0.372,in,1,4,spread
2503.17054_p4c4,,27,0.179,0.381,in,1,4,spread
2503.17054_p5c1,,27,0.189,0.258,in,0,3,spread
2503.17054_p6c2,,24,0.171,0.249,in,0,3,spread
2503.17607_p14c1,,3,0.042,0.943,in,2,3,thin_strip
2503.19167_p13c1,,27,0.162,0.249,in,0,5,spread
2503.19167_p13c2,,27,0.162,0.249,in,0,5,spread
2503.22356_p13c1,,6,0.909,0.769,in,0,0,spread
2503.22356_p13c2,,6,0.909,0.444,in,0,0,spread
2503.22356_p4c1,n,6,0.909,0.866,in,0,0,spread
2503.22356_p4c2,n,6,0.909,0.909,in,0,0,spread
2503.22356_p4c3,n,6,0.909,0.909,in,0,0,spread
2503.22356_p4c4,n,6,0.909,0.093,in,1,0,spread
2503.22356_p6c1,,6,0.909,0.702,in,0,0,spread
2503.22356_p8c2,sample,6,0.469,0.0,in,0,1,thin_strip
2504.00875_p26c1,,21,0.942,0.66,in,4,0,spread
2504.00875_p26c3,Sample D,8,0.694,0.563,in,10,0,spread
2504.01492_p4c1,U,38,0.946,0.807,in,2,1,spread
2504.01492_p4c2,,15,0.909,0.909,in,0,0,spread
2504.01492_p8c1,U+long range+scattering,38,0.86,0.612,in,1,2,spread
2504.01492_p8c2,U,38,0.86,0.669,in,2,1,spread
2504.01492_p8c3,U + U1,36,0.813,0.685,in,2,1,spread
2504.01492_p8c4,U+long range,35,0.79,0.69,in,2,1,spread
2504.01492_p9c1,U,40,0.906,0.399,in,2,1,spread
2504.01492_p9c2,U,40,0.906,0.089,in,2,1,spread
2504.05016_p12c1,RLoss,247,0.91,0.71,in,2,0,spread
2504.05414_p37c1,,12,0.177,0.211,in,0,7,spread
2504.05414_p37c2,,29,0.156,0.288,in,0,4,spread
2504.05414_p37c3,,12,0.176,0.21,in,0,7,spread
2504.05414_p37c4,,29,0.165,0.294,in,0,4,spread
2504.05460_p38c1,,69,0.911,0.903,in,0,1,spread
2504.20572_p18c1,Experiment,11,0.777,0.881,in,1,0,spread
2504.20572_p9c1,,47,0.911,0.908,in,0,1,spread
2505.19730_p7c2,,3,0.068,0.007,in,4,2,tight_cluster
2505.19730_p7c3,,3,0.065,0.003,in,2,2,tight_cluster
2505.19730_p7c6,,3,0.052,0.022,in,3,2,tight_cluster
2505.19730_p9c2,,3,0.075,0.003,in,1,1,tight_cluster
2505.24290_p10c1,,124,0.939,0.077,in,2,0,thin_strip
2505.24290_p12c1,Analyt.,5,0.103,0.667,in,0,5,spread
2505.24290_p12c2,Analyt.,5,0.822,0.55,in,0,4,spread
2505.24290_p13c2,Fitting R-square: 0.99,6,0.799,0.643,in,6,1,spread
2505.24290_p13c3,Time (fs),7,0.938,0.883,in,0,0,spread
2506.00769_p4c1,,6,0.909,0.716,in,0,0,spread
2506.00769_p8c1,RBM,8,0.897,0.815,in,1,0,spread
2506.00769_p8c2,RBM,8,0.897,0.6,in,1,0,spread
2506.00769_p8c3,(c),7,0.771,0.342,in,1,0,spread
2506.00769_p8c4,RBM,7,0.771,0.389,in,1,0,spread
2506.02833_p3c2,,69,0.89,0.916,in,3,3,spread
2506.02833_p4c1,,32,0.898,0.825,in,1,2,spread
2506.04959_p8c2,,2,0.014,0.04,in,1,4,tight_cluster
2506.15238_p5c1,,6,0.262,0.021,in,1,1,thin_strip
2506.15238_p6c1,,6,0.398,0.35,in,1,5,spread
2506.18139_p45c1,,41,0.889,0.803,in,1,12,spread
2506.18139_p46c1,HEOM,6,0.622,0.403,in,0,2,spread
2506.19640_p22c1,,3,0.021,0.254,in,0,3,thin_strip
2506.19828_p5c1,r,49,0.96,0.548,in,1,0,spread
2506.21793_p34c1,,65,0.957,0.954,in,0,0,spread
2506.23737_p15c1,= 0.83 eV,2,0.04,0.11,in,0,4,thin_strip
2506.23737_p15c2,= 0.83 eV,2,0.046,0.11,in,0,4,thin_strip
2506.23737_p16c1,,2,0.001,0.168,in,0,2,thin_strip
2506.23737_p16c2,,2,0.005,0.136,in,0,2,thin_strip
2506.23737_p16c3,,2,0.037,0.091,in,0,2,thin_strip
2507.03390_p9c1,,41,0.908,0.828,in,0,1,spread
2507.03978_p9c5,,15,0.833,0.783,in,9,0,spread
2507.19945_p16c3,,15,0.182,0.239,in,0,3,spread
2507.19945_p18c10,,11,0.141,0.119,in,0,3,spread
2507.19945_p19c1,,11,0.184,0.158,in,0,3,spread
2507.19945_p20c1,,8,0.141,0.064,in,0,2,thin_strip
2507.19945_p20c2,,8,0.141,0.064,in,0,2,thin_strip
2507.19945_p20c3,,8,0.184,0.083,in,0,2,spread
2507.19945_p22c1,,8,0.141,0.062,in,0,2,thin_strip
2507.19945_p22c2,,8,0.141,0.064,in,0,2,thin_strip
2507.23368_p14c1,,6,0.61,0.392,in,2,2,spread
2507.23647_p15c1,,9,0.869,0.772,in,0,4,spread
2507.23647_p6c1,,6,0.324,0.284,in,0,4,spread
2507.23741_p20c1,,35,0.224,0.264,in,5,1,spread
2507.23741_p23c1,,35,0.224,0.264,in,5,1,spread
2507.23741_p23c2,,35,0.224,0.264,in,5,1,spread
2508.00327_p11c1,Ishikawa et al.,12,0.937,0.489,in,0,2,spread
2508.00327_p9c1,,7,0.574,0.685,in,3,4,spread
2508.00327_p9c2,,6,0.448,0.251,in,2,1,spread
2508.00327_p9c4,,5,0.445,0.365,in,2,1,spread
2508.12056_p2c2,,18,0.859,0.761,in,0,0,spread
2508.12056_p9c1,,12,0.88,0.754,in,1,1,spread
2508.14447_p12c1,,4,0.005,0.066,in,0,4,tight_cluster
2508.14447_p7c3,"MA, N=31",4,0.006,0.07,in,0,8,tight_cluster
2508.14447_p9c1,(b) 2,6,0.154,0.01,in,0,6,thin_strip
2508.21711_p26c1,,9,0.813,0.197,in,2,3,spread
2509.00756_p5c1,,6,0.61,0.123,in,6,2,spread
2509.01525_p3c2,,2,0.017,0.004,in,0,3,tight_cluster
2509.04195_p7c2,,12,0.848,0.756,in,1,0,spread
2509.09398_p5c1,,15,0.695,0.868,in,0,3,spread
2509.09964_p3c1,,4,0.387,0.094,in,3,7,spread
2509.13246_p5c1,CB approx.,30,0.7,0.0,in,3,0,thin_strip
2509.13246_p5c2,CB approx.,20,0.9,0.0,in,3,0,thin_strip
2509.13246_p5c3,,30,0.7,0.0,in,3,0,thin_strip
2509.13246_p6c1,8B model,38,0.9,0.035,in,3,1,thin_strip
2509.15268_p3c1,,4,0.439,0.305,in,0,0,spread
2509.15268_p3c3,,4,0.585,0.616,in,0,0,spread
2509.15530_p12c1,,123,0.875,0.377,in,1,6,spread
2509.15530_p12c2,,112,0.875,0.611,in,1,6,spread
2509.15530_p15c1,T = 15 K,62,0.875,0.295,in,1,2,spread
2509.26363_p15c1,TLS loss calculation,11,0.897,0.26,in,1,0,spread
2509.26363_p27c1,,13,0.654,0.038,in,8,0,thin_strip
2509.26503_p17c1,,61,0.906,0.86,in,0,0,spread
2510.01503_p11c1,,36,0.758,0.833,in,0,2,spread
2510.01503_p11c3,,37,0.78,0.793,in,0,2,spread
2510.01503_p12c3,,28,0.245,0.126,in,1,2,spread
2510.01503_p13c2,,9,0.244,0.019,in,0,1,thin_strip
2510.01503_p14c3,,25,0.264,0.066,in,1,1,thin_strip
2510.03765_p14c1,,14,0.047,0.099,in,0,3,thin_strip
2510.04789_p3c1,,8,0.09,0.247,in,0,4,spread
2510.08014_p10c3,,8,0.243,0.067,in,1,2,thin_strip
2510.08014_p14c4,,23,0.55,0.454,in,0,4,spread
2510.08940_p11c1,,35,0.311,0.147,in,3,0,spread
2510.15676_p17c4,,3,0.61,0.702,in,2,4,spread
2510.18677_p8c1,,8,0.941,0.544,in,0,0,spread
2510.18677_p9c1,,2,0.24,0.637,in,2,0,spread
2510.21125_p6c2,Time (ps),4,0.395,0.373,in,2,2,spread
2511.01495_p5c5,"Optimal (α, γ) Values",7,0.571,0.6,in,0,1,spread
2511.01495_p5c6,"Optimal (α, γ) Values",6,0.249,0.5,in,0,1,spread
2511.02383_p3c1,JDOS,2,0.0,0.091,in,0,3,thin_strip
2511.02513_p12c1,,9,0.059,0.184,in,4,0,thin_strip
2511.15492_p3c2,P,10,0.852,0.786,in,0,0,spread
2511.15492_p4c3,,11,0.875,0.765,in,0,0,spread
2511.23232_p6c1,,391,0.977,0.909,in,0,0,spread
2512.03970_p3c1,,14,0.253,0.36,in,3,0,spread
2512.03970_p3c2,,14,0.251,0.358,in,3,1,spread
2512.07361_p4c2,,23,0.909,0.865,in,0,0,spread
2512.07962_p5c2,,19,0.88,0.408,in,6,6,spread
2512.09751_p2c1,Data (300 K),82,0.836,0.854,in,0,1,spread
2512.10073_p13c1,,3,0.274,0.127,in,5,0,spread
2512.13518_p100c1,,18,0.797,0.153,in,4,2,spread
2512.13518_p103c1,,27,0.773,0.357,in,0,4,spread
2512.13518_p103c2,,28,0.868,0.366,in,0,4,spread
2512.13518_p103c3,,27,0.712,0.636,in,0,4,spread
2512.13518_p103c4,,28,0.847,0.362,in,0,4,spread
2512.13518_p105c1,,27,0.888,0.36,in,0,4,spread
2512.13518_p105c2,,27,0.621,0.836,in,0,2,spread
2512.13518_p105c3,,27,0.884,0.344,in,0,4,spread
2512.13518_p105c4,,27,0.626,0.869,in,0,2,spread
2512.13518_p106c1,,27,0.847,0.236,in,0,4,spread
2512.13518_p106c2,,27,0.86,0.201,in,0,4,spread
2512.13518_p115c2,,34,0.927,0.412,in,0,4,spread
2512.13518_p115c5,,24,0.504,0.107,in,0,1,spread
2512.13518_p117c1,,24,0.272,0.071,in,0,4,thin_strip
2512.13518_p119c1,,58,0.713,0.229,in,0,4,spread
2512.13518_p119c2,,15,0.349,0.098,in,0,2,spread
2512.13518_p121c1,,65,0.874,0.287,in,0,4,spread
2512.13518_p121c2,,87,0.701,0.302,in,0,5,spread
2512.13518_p124c1,N1M1,15,0.208,0.131,in,0,3,spread
2512.13518_p125c1,,71,0.522,0.34,in,3,4,spread
2512.13518_p135c1,T=0K,12,0.606,0.451,in,0,3,spread
2512.13518_p135c3,T=0K,18,0.622,0.452,in,0,2,spread
2512.13518_p137c1,,4,0.181,0.015,in,0,1,thin_strip
2512.13518_p137c2,,18,0.541,0.461,in,0,2,spread
2512.13518_p148c1,,20,0.832,0.161,in,0,3,spread
2512.13518_p153c1,,10,0.093,0.24,in,0,4,spread
2512.13518_p153c2,,25,0.546,0.202,in,0,3,spread
2512.13518_p160c1,,12,0.047,0.281,in,0,4,thin_strip
2512.13518_p163c1,,2,0.021,0.0,in,0,4,tight_cluster
2512.13518_p168c1,,12,0.211,0.092,in,0,4,spread
2512.13518_p171c1,,4,0.192,0.011,in,0,3,thin_strip
2512.13518_p171c2,,3,0.123,0.011,in,0,3,thin_strip
2512.13518_p172c1,,12,0.045,0.284,in,0,4,thin_strip
2512.13518_p189c1,,9,0.42,0.018,in,0,4,thin_strip
2512.13518_p189c2,,20,0.894,0.234,in,0,2,spread
2512.13518_p189c3,,9,0.383,0.017,in,0,4,thin_strip
2512.13518_p189c4,,20,0.889,0.356,in,0,2,spread
2512.13518_p190c1,,19,0.707,0.309,in,0,5,spread
2512.13518_p190c2,,15,0.716,0.366,in,0,2,spread
2512.13518_p190c3,,19,0.726,0.304,in,0,8,spread
2512.13518_p190c4,,15,0.698,0.826,in,0,2,spread
2512.13518_p191c1,,8,0.164,0.066,in,0,2,thin_strip
2512.13518_p191c2,,8,0.157,0.066,in,0,2,thin_strip
2512.13518_p203c1,,8,0.065,0.172,in,0,5,thin_strip
2512.13518_p203c2,,17,0.345,0.087,in,0,2,spread
2512.13518_p204c1,,8,0.076,0.175,in,0,4,thin_strip
2512.13518_p204c2,,17,0.397,0.073,in,0,2,thin_strip
2512.13518_p81c2,,24,0.727,0.359,in,0,4,spread
2512.13518_p81c3,,15,0.918,0.215,in,0,3,spread
2512.13518_p81c4,,15,0.55,0.277,in,0,3,spread
2512.13518_p83c1,,15,0.657,0.187,in,0,3,spread
2512.13518_p83c2,,15,0.509,0.187,in,0,3,spread
2512.13518_p83c3,,15,0.627,0.218,in,0,3,spread
2512.13518_p83c4,,15,0.906,0.333,in,0,3,spread
2512.13518_p86c1,,18,0.048,0.245,in,0,10,thin_strip
2512.13518_p89c1,,27,0.528,0.396,in,0,4,spread
2512.13518_p89c2,,27,0.82,0.315,in,0,4,spread
2512.13518_p89c3,,14,0.902,0.247,in,0,2,spread
2512.13518_p89c4,,27,0.837,0.465,in,0,4,spread
2512.13518_p96c1,,24,0.713,0.697,in,0,4,spread
2512.13518_p96c2,,15,0.212,0.495,in,0,2,spread
2512.13518_p96c3,,24,0.714,0.677,in,0,4,spread
2512.13518_p96c4,,15,0.243,0.393,in,0,2,spread
2512.13518_p98c1,,10,0.441,0.302,in,0,2,spread
2512.13518_p98c2,,10,0.589,0.122,in,0,2,spread
2512.13518_p98c3,,10,0.558,0.122,in,0,2,spread
2512.13518_p98c4,,10,0.523,0.438,in,0,2,spread
2512.13518_p99c1,,10,0.283,0.081,in,0,2,spread
2512.13518_p99c2,,10,0.287,0.081,in,0,2,spread
2512.16552_p20c3,data,11,0.949,0.891,in,0,1,spread
2512.23187_p18c1,,3,0.108,0.243,in,1,1,spread
2512.23187_p18c2,,34,0.943,0.855,in,1,0,spread
2512.24894_p6c4,Mean ± SEM,9,0.909,0.758,in,0,1,spread
