dimension,sample_id,corpus,paper,page,chart,verdict,failure_mode,problem,suggested_fix,suggested_module,png
data,materials_2606.05128_page9_chart3,materials,2606.05128,9,page9_chart3,partial,legend_wrong,"Three of four series are labeled '*' with the v=1/3/5/7 inline cluster labels lost, and the x-axis renders as log 1e12-1e13 versus the original linear 0-2.5.",Capture the inline filling-factor labels (v=1,3,5
data,astro_2606.00258_page12_chart2,astro,2606.00258,12,page12_chart2,wrong,miscalib,"The chart is a bar histogram but only three bottom-of-bar points were extracted and they land at y~-3.3 against a 0-40 axis, so values and bar heights are wrong.","Detect bar/histogram glyphs and extract bar heights, and fix y-axis calibration so values fall in the visible data range.",calibrate.py,/network/scratch/s/scieurda/pdf_chart2table/eval150_idx/astro_2606.00258_page12_chart2.png
data,astro_2606.03313_page18_chart17,astro,2606.03313,18,page18_chart17,wrong,miscalib,"Original is a residual/spectrum panel with linear x in 32.350-32.365, but reconstruction uses a log x-axis spanning 10^1-10^2, a nonsensical range.",Fix axis-type and tick-value detection so a linear narrow-range x-axis is not misread as decade-spanning log.,calibrate.py,/network/scratch/s/scieurda/pdf_chart2table/eval150_idx/astro_2606.03313_page18_chart17.png
data,astro_2606.03313_page18_chart25,astro,2606.03313,18,page18_chart25,partial,miscalib,Red Gaussian fit peak was captured well but the x tick labels render as overlapping garbled log-formatted values.,Correct tick-label parsing for the dense numeric x-axis so reconstructed x values and labels are legible and linear.,calibrate.py,/network/scratch/s/scieurda/pdf_chart2table/eval150_idx/astro_2606.03313_page18_chart25.png
data,materials_2606.00681_page4_chart3,materials,2606.00681,4,page4_chart3,partial,miscalib,"The dashed peak-pole offset series belongs to a secondary right axis (0 to -6) but is calibrated against the primary left axis, scrambling its values.",Detect dual y-axes and calibrate the secondary-axis series against the right-axis ticks.,calibrate.py,/network/scratch/s/scieurda/pdf_chart2table/eval150_idx/materials_2606.00681_page4_chart3.png
data,materials_2606.01515_page7_chart6,materials,2606.01515,7,page7_chart6,partial,extra_noise,Stray green and orange off-band points appear top-left and the categorical k-path x-axis is reconstructed as a spurious log scale (6.9e0 to 7.6e0).,Drop off-curve outlier marks and treat non-numeric categorical axis ticks as ordinal positions instead of log values.,calibrate.py,/network/scratch/s/scieurda/pdf_chart2table/eval150_idx/materials_2606.01515_page7_chart6.png
data,materials_2606.03497_page23_chart3,materials,2606.03497,23,page23_chart3,partial,miscalib,"The y-axis was reconstructed as 0.8-0.95 on a log scale whereas the original is linear 80-95, a 100x value error.",Fix y-axis calibration to read linear tick values (80-95) instead of inferring a log scale and scaling by 1/100.,calibrate.py,/network/scratch/s/scieurda/pdf_chart2table/eval150_idx/materials_2606.03497_page23_chart3.png
data,materials_2606.04608_page18_chart1,materials,2606.04608,18,page18_chart1,partial,miscalib,The x-axis is garbled ('.4 x') and the step-function structure collapsed to scattered points spanning only x=0.2-0.6 instead of the full staircase.,Correct x-axis tick parsing for this panel and preserve step-plot ordering so all staircase segments are recovered.,calibrate.py,/network/scratch/s/scieurda/pdf_chart2table/eval150_idx/materials_2606.04608_page18_chart1.png
data,optml_2605.15563_page10_chart7,optml,2605.15563,10,page10_chart7,partial,miscalib,"The original y-axis is logarithmic (10^0 to ~10^-6) but the reconstruction maps values to a linear scale from +50 to -40, so y calibration is wrong.",Detect the log y-axis from tick labels and apply log-space calibration before inverting pixel-to-data mapping.,calibrate.py,/network/scratch/s/scieurda/pdf_chart2table/eval150_idx/optml_2605.15563_page10_chart7.png
data,optml_2605.23761_page22_chart2,optml,2605.23761,22,page22_chart2,partial,miscalib,"The x-axis is reconstructed spanning 0 to 4e10 instead of the original 0 to ~450, a gross x calibration error of about eight orders of magnitude.",Fix x-axis tick-label parsing so plain integer ticks are not misread with an erroneous exponent multiplier.,calibrate.py,/network/scratch/s/scieurda/pdf_chart2table/eval150_idx/optml_2605.23761_page22_chart2.png
data,optml_2606.02886_page7_chart9,optml,2606.02886,7,page7_chart9,partial,miscalib,The re-plot shows a doubled/broken y-axis and stray green points around 2.5-2.6 that are inconsistent with the single calibrated-sigma axis in the source.,Use a single consistent y-calibration and drop the secondary-axis tick contamination producing the stray points.,calibrate.py,/network/scratch/s/scieurda/pdf_chart2table/eval150_idx/optml_2606.02886_page7_chart9.png
data,astro_2606.04810_page12_chart11,astro,2606.04810,12,page12_chart11,wrong,non_chart,Original is a 2D hexbin/colormap heatmap (DALI vs XH); extraction emitted every hex-cell center as a multicolored grid of points.,Detect hexbin/heatmap density plots and skip them rather than digitizing cell centers as a scatter series.,extract.py,/network/scratch/s/scieurda/pdf_chart2table/eval150_idx/astro_2606.04810_page12_chart11.png
data,astro_2606.04810_page12_chart15,astro,2606.04810,12,page12_chart15,wrong,non_chart,Hexbin heatmap (DALI vs SEDflx) was misread as a regular grid of colored scatter points.,Add hexbin/heatmap detection to reject density-map panels before marker extraction.,extract.py,/network/scratch/s/scieurda/pdf_chart2table/eval150_idx/astro_2606.04810_page12_chart15.png
data,astro_2606.04810_page12_chart3,astro,2606.04810,12,page12_chart3,wrong,non_chart,Continuous 2D color-density map was extracted as a meaningless grid of dots.,Recognize smooth/hex colormap fills and skip them instead of sampling a point grid.,extract.py,/network/scratch/s/scieurda/pdf_chart2table/eval150_idx/astro_2606.04810_page12_chart3.png
data,astro_2606.04810_page12_chart7,astro,2606.04810,12,page12_chart7,wrong,non_chart,Hexbin heatmap (GIOTTO vs SEOB) misread as a scatter of colored grid points.,Detect and reject hexbin/heatmap panels prior to marker extraction.,extract.py,/network/scratch/s/scieurda/pdf_chart2table/eval150_idx/astro_2606.04810_page12_chart7.png
legend,astro_2606.00209_page5_chart1,astro,2606.00209,5,page5_chart1,legend_missing,legend,"Series labels are inline colored text annotations (Opt. x0.01, Syn., X-ray, IC, Radio) placed next to curves, not a boxed legend; none recovered",Detect inline colored text near curves and match each label's color/position to the nearest series of the same color; emit as series labels,labels.py,/network/scratch/s/scieurda/pdf_chart2table/eval150_idx/astro_2606.00209_page5_chart1.png
legend,astro_2606.00219_page17_chart67,astro,2606.00219,17,page17_chart67,legend_missing,legend,"Inline colored text labels (Lazare+24 emcee, 21cmEMUv3 nautilus, 21cmEMUv3 MultiNest) above curves not recovered",Match inline label text color to series color; assign as series label when no boxed legend exists,labels.py,/network/scratch/s/scieurda/pdf_chart2table/eval150_idx/astro_2606.00219_page17_chart67.png
legend,astro_2606.01059_page5_chart2,astro,2606.01059,5,page5_chart2,legend_wrong,legend,4-entry legend (on-axis/offset x leakage2 thresholds) collapsed to 5 entries with spurious bare marker codes 'o' and 'D'; first two real labels lost,Suppress bare single-glyph marker codes (o/D/+/^); fix legend-entry segmentation so marker-only rows pair with their text,labels.py,/network/scratch/s/scieurda/pdf_chart2table/eval150_idx/astro_2606.01059_page5_chart2.png
legend,astro_2606.01823_page4_chart3,astro,2606.01823,4,page4_chart3,legend_wrong,legend,Spurious bare marker code 'o' injected for the unlabeled data series; original legend only contained 'Power-law Fit',Do not emit a legend entry for a series that has no legend text; suppress bare single-char marker codes,labels.py,/network/scratch/s/scieurda/pdf_chart2table/eval150_idx/astro_2606.01823_page4_chart3.png
legend,astro_2606.01823_page4_chart8,astro,2606.01823,4,page4_chart8,legend_wrong,legend,Spurious bare marker code 'o' injected for the unlabeled data series; original legend only contained 'Power-law Fit',Do not emit a legend entry for a series that has no legend text; suppress bare single-char marker codes,labels.py,/network/scratch/s/scieurda/pdf_chart2table/eval150_idx/astro_2606.01823_page4_chart8.png
legend,astro_2606.02032_page11_chart1,astro,2606.02032,11,page11_chart1,legend_partial,legend,"Only 3 of ~8 legend entries recovered (Type I fit, Type II fit, GRB 061201 (z unknown)); confidence-region, error-band and bare-marker entries dropped, plus one spurious 'o'",Parse multi-line legend including region/band swatches; map fit-line vs marker entries; suppress spurious 'o',labels.py,/network/scratch/s/scieurda/pdf_chart2table/eval150_idx/astro_2606.02032_page11_chart1.png
legend,astro_2606.02687_page5_chart3,astro,2606.02687,5,page5_chart3,legend_missing,legend,"3-entry legend (EC: Enia + 25 band, Bulge square, Disk diamond) not recovered; only one merged blue series output",Detect in-axes legend with shaded-band swatch + distinct marker shapes; split markers (square/diamond/circle) into separate labeled series,labels.py,/network/scratch/s/scieurda/pdf_chart2table/eval150_idx/astro_2606.02687_page5_chart3.png
legend,astro_2606.02711_page57_chart5,astro,2606.02711,57,page57_chart5,legend_partial,legend,3 of 5 entries recovered; Analytical and t/tdyn=33.28 (black dashed entries) missing,Handle two-column legend layout and black/dark dashed swatches that may be missed by color-based matching,labels.py,/network/scratch/s/scieurda/pdf_chart2table/eval150_idx/astro_2606.02711_page57_chart5.png
legend,astro_2606.03313_page18_chart17,astro,2606.03313,18,page18_chart17,legend_missing,legend,Tiny in-axes legend box rendered as garbled LaTeX in the source crop; nothing recovered,"If legend text is unreadable LaTeX, attempt vector text-span extraction rather than pixel OCR; flag low-confidence",labels.py,/network/scratch/s/scieurda/pdf_chart2table/eval150_idx/astro_2606.03313_page18_chart17.png
legend,astro_2606.03313_page18_chart25,astro,2606.03313,18,page18_chart25,legend_missing,legend,In-axes LaTeX legend box garbled; nothing recovered,Prefer PDF vector text spans for legend text over rasterized LaTeX OCR,labels.py,/network/scratch/s/scieurda/pdf_chart2table/eval150_idx/astro_2606.03313_page18_chart25.png
legend,astro_2606.03313_page18_chart6,astro,2606.03313,18,page18_chart6,legend_missing,legend,In-axes LaTeX legend box garbled; nothing recovered,Prefer PDF vector text spans for legend text over rasterized LaTeX OCR,labels.py,/network/scratch/s/scieurda/pdf_chart2table/eval150_idx/astro_2606.03313_page18_chart6.png
legend,astro_2606.03313_page18_chart7,astro,2606.03313,18,page18_chart7,legend_missing,legend,In-axes LaTeX legend box garbled; nothing recovered,Prefer PDF vector text spans for legend text over rasterized LaTeX OCR,labels.py,/network/scratch/s/scieurda/pdf_chart2table/eval150_idx/astro_2606.03313_page18_chart7.png
legend,astro_2606.03313_page18_chart8,astro,2606.03313,18,page18_chart8,legend_missing,legend,In-axes LaTeX legend box garbled; nothing recovered,Prefer PDF vector text spans for legend text over rasterized LaTeX OCR,labels.py,/network/scratch/s/scieurda/pdf_chart2table/eval150_idx/astro_2606.03313_page18_chart8.png
legend,astro_2606.03546_page3_chart6,astro,2606.03546,3,page3_chart6,legend_partial,legend,5 of 6 ML coverage labels recovered; topmost entry 1.13 ML missing,Ensure all legend rows scanned (first/last row clipping); the missing entry is the first listed,labels.py,/network/scratch/s/scieurda/pdf_chart2table/eval150_idx/astro_2606.03546_page3_chart6.png
legend,astro_2606.04082_page3_chart1,astro,2606.04082,3,page3_chart1,legend_wrong,legend,"LaTeX legend entries 's = 20 t_nu^-1' / 's = 40 t_nu^-1' mangled to 's = 20 t-nu 1' (subscript/superscript collapsed, stray minus, nu misplaced)",Reconstruct LaTeX sub/superscript ordering from vector text spans (use baseline/size to rebuild t_nu^-1); avoid flattening,labels.py,/network/scratch/s/scieurda/pdf_chart2table/eval150_idx/astro_2606.04082_page3_chart1.png
legend,astro_2606.04083_page7_chart1,astro,2606.04083,7,page7_chart1,legend_partial,legend,"All 3 mass-bin labels recovered but comparison operators (<=, <) dropped and third label truncated (lost upper bound 12.30)",Preserve relational operators and full label extent; avoid clipping trailing tokens of legend text,labels.py,/network/scratch/s/scieurda/pdf_chart2table/eval150_idx/astro_2606.04083_page7_chart1.png
legend,astro_2606.04309_page13_chart3,astro,2606.04309,13,page13_chart3,legend_partial,legend,"Only 2 of 4 legend entries recovered (fmol, H atoms); HI and H2 (line entries) missing","Capture line-style legend entries (solid HI, dashed H atoms, filled H2) not just marker entries",labels.py,/network/scratch/s/scieurda/pdf_chart2table/eval150_idx/astro_2606.04309_page13_chart3.png
legend,astro_2606.04309_page13_chart5,astro,2606.04309,13,page13_chart5,legend_partial,legend,"Only 2 of 4 legend entries recovered (fmol, H atoms); HI and H2 (line entries) missing","Capture line-style legend entries (solid HI, dashed H atoms, filled H2) not just marker entries",labels.py,/network/scratch/s/scieurda/pdf_chart2table/eval150_idx/astro_2606.04309_page13_chart5.png
legend,astro_2606.04711_page30_chart4,astro,2606.04711,30,page30_chart4,legend_missing,legend,Legend entry 'Data' visible at bottom of original crop; not recovered,Extend legend search to legend boxes near panel edges/below axes; this is a residual sub-panel,labels.py,/network/scratch/s/scieurda/pdf_chart2table/eval150_idx/astro_2606.04711_page30_chart4.png
legend,astro_2606.04827_page5_chart1,astro,2606.04827,5,page5_chart1,legend_partial,legend,All 5 z= labels correct but spurious bare code 'D' added as a 6th entry; solid(this work)/dashed(THESAN) pairing not captured,Suppress spurious bare 'D' code; optionally use the 'Solid/Dashed' annotation to split each color into two labeled series,labels.py,/network/scratch/s/scieurda/pdf_chart2table/eval150_idx/astro_2606.04827_page5_chart1.png
legend,astro_2606.05146_page20_chart1,astro,2606.05146,20,page20_chart1,legend_missing,legend,"Small 2-entry legend (Type Ic-BL, Mean Peak (BTS)) not recovered amid many overlapping series",Detect small/low-contrast in-axes legend; assign the two text labels to their colored series,labels.py,/network/scratch/s/scieurda/pdf_chart2table/eval150_idx/astro_2606.05146_page20_chart1.png
data,astro_2606.05299_page11_chart1,astro,2606.05299,11,page11_chart1,partial,legend_wrong,The multi-curve decay-chain family is captured on log-y but only one series is labeled 'Th' while the rest are unlabeled.,"Associate inline curve annotations (d=260, n, nu, Th) with each series so all curves get labels.",labels.py,/network/scratch/s/scieurda/pdf_chart2table/eval150_idx/astro_2606.05299_page11_chart1.png
legend,astro_2606.05299_page11_chart1,astro,2606.05299,11,page11_chart1,legend_partial,legend,"Many inline curve labels (234Th, n, nu, delta=260/300/200/100/250) present; only a garbled fragment 'Th' recovered",Detect inline rotated/colored curve labels and match to nearest same-color curve; reconstruct superscript 234Th,labels.py,/network/scratch/s/scieurda/pdf_chart2table/eval150_idx/astro_2606.05299_page11_chart1.png
data,astro_2606.05299_page3_chart2,astro,2606.05299,3,page3_chart2,partial,legend_wrong,"Three decay curves (SHM, LMC pres., LMC peri.) are captured correctly but only SHM is labeled.",Map the inline text annotations LMC (pres.) and LMC (peri.) to their respective curves.,labels.py,/network/scratch/s/scieurda/pdf_chart2table/eval150_idx/astro_2606.05299_page3_chart2.png
legend,astro_2606.05299_page3_chart2,astro,2606.05299,3,page3_chart2,legend_partial,legend,Only 1 of 3 inline curve labels recovered (SHM); LMC (pres.) and LMC (peri.) missing,Detect colored inline labels placed along curves; match to series by color/proximity,labels.py,/network/scratch/s/scieurda/pdf_chart2table/eval150_idx/astro_2606.05299_page3_chart2.png
data,astro_2606.05323_page10_chart1,astro,2606.05323,10,page10_chart1,partial,legend_wrong,"The declining luminosity-function series and fit lines are captured but legend labels are garbled placeholders ('s','s','D').",Fix legend-entry text parsing so the FRESCO/COSMOS-3D/EIGER labels are read instead of single-character fragments.,labels.py,/network/scratch/s/scieurda/pdf_chart2table/eval150_idx/astro_2606.05323_page10_chart1.png
legend,astro_2606.05323_page10_chart1,astro,2606.05323,10,page10_chart1,legend_wrong,legend,"7-entry LaTeX legend mostly collapsed to bare codes 'S'/'D'; 'z~' tokens dropped, entries mis-assigned to wrong series",Rebuild legend text from vector spans (z~6/7/8 with sub/superscripts); suppress bare single-letter codes; fix entry-to-series mapping,labels.py,/network/scratch/s/scieurda/pdf_chart2table/eval150_idx/astro_2606.05323_page10_chart1.png
legend,materials_2606.00064_page2_chart1,materials,2606.00064,2,page2_chart1,legend_wrong,legend,"in-plot bracket citation labels ([25],[22],[13],[23,14,24]) wrongly harvested as legend entries (""23, 4, 24"", ""his or"") with bracket/word fragmentation",do not treat free-floating in-axes annotation text as legend entries unless co-located with a legend swatch/marker; require a color/marker proxy near each candidate label,labels.py,/network/scratch/s/scieurda/pdf_chart2table/eval150_idx/materials_2606.00064_page2_chart1.png
legend,materials_2606.00165_page18_chart1,materials,2606.00165,18,page18_chart1,legend_wrong,legend,"6 LaTeX legend entries E_N(a_-:CR)..., only 3 recovered and subscript sign stripped (a_- -> ""a "")",preserve LaTeX sub/superscript tokens (render a_- as a- or a_minus) and pair each color swatch to its full text line so all 6 entries map,labels.py,/network/scratch/s/scieurda/pdf_chart2table/eval150_idx/materials_2606.00165_page18_chart1.png
legend,materials_2606.00165_page18_chart2,materials,2606.00165,18,page18_chart2,legend_wrong,legend,"6 LaTeX entries I(a_-:CR)... recovered but subscript sign collapsed to space (a_- -> ""a "", a_+ -> ""a+""), losing minus distinction",retain subscript glyph content; map TeX _- /_+ to literal -/+ rather than dropping to whitespace,labels.py,/network/scratch/s/scieurda/pdf_chart2table/eval150_idx/materials_2606.00165_page18_chart2.png
legend,materials_2606.00165_page8_chart1,materials,2606.00165,8,page8_chart1,legend_wrong,legend,"single LaTeX entry |<a_- a_+>| mangled to ""| a a+ |"" (angle brackets and subscripts dropped)",preserve <> and subscripts in TeX-to-text; render angle-brackets and signs literally,labels.py,/network/scratch/s/scieurda/pdf_chart2table/eval150_idx/materials_2606.00165_page8_chart1.png
legend,materials_2606.00165_page8_chart2,materials,2606.00165,8,page8_chart2,legend_missing,legend,"2 LaTeX legend entries <a_+^dag a_+>, <a_-^dag a_-> present in original legend box but no labels recovered",detect legend box even when entries are LaTeX-heavy; do not skip legend extraction when text spans are math glyphs,labels.py,/network/scratch/s/scieurda/pdf_chart2table/eval150_idx/materials_2606.00165_page8_chart2.png
legend,materials_2606.00403_page19_chart2,materials,2606.00403,19,page19_chart2,legend_missing,legend,"horizontal top legend (50/60/70 Ry, Experiment) not recovered; text leaked into chart title instead",handle top/outside horizontal legends; associate legend text above axes with series colors rather than routing to title,labels.py,/network/scratch/s/scieurda/pdf_chart2table/eval150_idx/materials_2606.00403_page19_chart2.png
legend,materials_2606.00403_page19_chart3,materials,2606.00403,19,page19_chart3,legend_missing,legend,"top legend (50/60/70 Ry, Experimental Reference) with 5 series not recovered",same top/outside horizontal legend handling; map each swatch to nearest text token,labels.py,/network/scratch/s/scieurda/pdf_chart2table/eval150_idx/materials_2606.00403_page19_chart3.png
legend,materials_2606.00681_page4_chart3,materials,2606.00681,4,page4_chart3,legend_missing,legend,"3-entry in-axes legend (A2-like pole trajectory, electrical peak, peak-pole offset f_peak^elec-f_A2^mech) not recovered",detect in-axes legend box with line+marker swatches; LaTeX sup/subscript in last entry must not abort parsing,labels.py,/network/scratch/s/scieurda/pdf_chart2table/eval150_idx/materials_2606.00681_page4_chart3.png
legend,materials_2606.00681_page4_chart4,materials,2606.00681,4,page4_chart4,legend_wrong,legend,"3 LaTeX entries garbled to ""o"", ""electrical peak amplitude"" (assigned to wrong series), ""D""; O_A2/V_A2 subscript glyphs reduced to bare letters","keep full legend line text; bare single-letter results (o/D) signal failed glyph join - fall back to full text span, fix swatch-to-text ordering",labels.py,/network/scratch/s/scieurda/pdf_chart2table/eval150_idx/materials_2606.00681_page4_chart4.png
data,materials_2606.00681_page4_chart5,materials,2606.00681,4,page4_chart5,partial,legend_wrong,"Three legend entries (60/100/150 kHz) exist but the reconstruction labels only one series (""150 kHz (NKG)"") despite plotting all three colors.",Map each detected color cluster to its corresponding legend entry instead of collapsing to a single label.,labels.py,/network/scratch/s/scieurda/pdf_chart2table/eval150_idx/materials_2606.00681_page4_chart5.png
legend,materials_2606.00681_page4_chart5,materials,2606.00681,4,page4_chart5,legend_partial,legend,"3 entries (60/100/150 kHz); only ""150 kHz (NKG)"" recovered and attached to wrong-colored series",recover all legend rows not just one; verify swatch color matches assigned series before labeling,labels.py,/network/scratch/s/scieurda/pdf_chart2table/eval150_idx/materials_2606.00681_page4_chart5.png
legend,materials_2606.01029_page25_chart1,materials,2606.01029,25,page25_chart1,legend_missing,legend,2 LaTeX entries delta=+ / delta=- in legend box not recovered,detect legend with Greek/LaTeX entries; do not skip when entries are short math expressions,labels.py,/network/scratch/s/scieurda/pdf_chart2table/eval150_idx/materials_2606.01029_page25_chart1.png
legend,materials_2606.01373_page7_chart3,materials,2606.01373,7,page7_chart3,legend_wrong,legend,"2 entries recovered but with spurious intra-word spaces (""Linear cavit y(y)"", ""Wit ho ut cavit y"") from serif-font glyph spacing",fix word-segmentation/space-insertion in text span joining for serif LaTeX fonts; merge adjacent glyph runs without injecting spaces,labels.py,/network/scratch/s/scieurda/pdf_chart2table/eval150_idx/materials_2606.01373_page7_chart3.png
legend,materials_2606.01373_page7_chart5,materials,2606.01373,7,page7_chart5,legend_wrong,legend,"2 entries with spurious intra-word spaces (""Linear cavit y(x)"", ""Wit ho ut cavit y"")",same intra-word space fix in glyph-run joining for serif fonts,labels.py,/network/scratch/s/scieurda/pdf_chart2table/eval150_idx/materials_2606.01373_page7_chart5.png
legend,materials_2606.01373_page7_chart7,materials,2606.01373,7,page7_chart7,legend_wrong,legend,"2 entries with spurious intra-word spaces (""Cylindrical cavit y"", ""Wit ho ut cavit y"")",same intra-word space fix in glyph-run joining for serif fonts,labels.py,/network/scratch/s/scieurda/pdf_chart2table/eval150_idx/materials_2606.01373_page7_chart7.png
legend,materials_2606.01373_page7_chart8,materials,2606.01373,7,page7_chart8,legend_wrong,legend,"2 entries with spurious intra-word spaces (""Linear cavit y(x)"", ""Wit ho ut cavit y"")",same intra-word space fix in glyph-run joining for serif fonts,labels.py,/network/scratch/s/scieurda/pdf_chart2table/eval150_idx/materials_2606.01373_page7_chart8.png
legend,materials_2606.01515_page7_chart6,materials,2606.01515,7,page7_chart6,legend_wrong,legend,"3 LaTeX entries (delta lambda_4=0 / !=0 (up arrow) / !=0 (down arrow)) garbled to ""dt4 0 (h)"",""dt4 0 (i)"",""o""; Greek/arrows/!= lost","map Greek letters (delta,lambda) and arrow/relational glyphs in TeX-to-text instead of transliterating to ascii fragments",labels.py,/network/scratch/s/scieurda/pdf_chart2table/eval150_idx/materials_2606.01515_page7_chart6.png
legend,materials_2606.02317_page22_chart11,materials,2606.02317,22,page22_chart11,legend_partial,legend,two in-plot component labels Al-O (blue) and Al-OH (red); only Al-O recovered,also harvest the second in-axes colored text label (Al-OH); match each colored annotation to its same-colored curve,labels.py,/network/scratch/s/scieurda/pdf_chart2table/eval150_idx/materials_2606.02317_page22_chart11.png
legend,materials_2606.02317_page23_chart1,materials,2606.02317,23,page23_chart1,legend_missing,legend,"in-plot colored component labels Hf-O, Hf-OH, 7/2, 5/2 not recovered",detect color-coded in-axes text labels as series labels when no legend box exists; map by text color to curve color,labels.py,/network/scratch/s/scieurda/pdf_chart2table/eval150_idx/materials_2606.02317_page23_chart1.png
legend,materials_2606.02317_page23_chart2,materials,2606.02317,23,page23_chart2,legend_partial,legend,"in-plot labels Hf-O (blue), Hf-OH (red); only Hf-O recovered",also recover Hf-OH; match colored annotation text to same-color curve,labels.py,/network/scratch/s/scieurda/pdf_chart2table/eval150_idx/materials_2606.02317_page23_chart2.png
data,materials_2606.02317_page23_chart4,materials,2606.02317,23,page23_chart4,partial,legend_wrong,The legend label reads '290 288 286 284 282 280' which is the x-axis tick string mistakenly captured as a series name.,Exclude text spans located in the axis tick region from legend-label candidate collection.,labels.py,/network/scratch/s/scieurda/pdf_chart2table/eval150_idx/materials_2606.02317_page23_chart4.png
legend,materials_2606.02317_page23_chart4,materials,2606.02317,23,page23_chart4,legend_wrong,legend,"in-plot labels C-C/C-O-C/C-O=C ignored; x-axis tick string ""290 288 286 284 282 280"" emitted as spurious legend entry",exclude axis-tick numeric strings from legend candidates; restrict legend text to non-axis regions / colored annotations,labels.py,/network/scratch/s/scieurda/pdf_chart2table/eval150_idx/materials_2606.02317_page23_chart4.png
legend,materials_2606.04219_page10_chart2,materials,2606.04219,10,page10_chart2,legend_missing,legend,in-axes legend titled W_CH (nm) with entries 25/20/15 not recovered,detect in-axes legend with a legend-title line above entries; map short numeric entries to swatch colors,labels.py,/network/scratch/s/scieurda/pdf_chart2table/eval150_idx/materials_2606.04219_page10_chart2.png
legend,materials_2606.04608_page18_chart1,materials,2606.04608,18,page18_chart1,legend_wrong,legend,"2-entry top legend (ED, NQS: Jastrow-Slater); recovered ""o"" (ED garbled), ""(a1)"" (subplot panel label captured), ""NQS: Jastrow-Slater""",fix ED->o glyph collapse; exclude subplot panel tags like (a1) from legend candidates,labels.py,/network/scratch/s/scieurda/pdf_chart2table/eval150_idx/materials_2606.04608_page18_chart1.png
legend,materials_2606.04724_page15_chart3,materials,2606.04724,15,page15_chart3,legend_missing,legend,"5-entry legend (tau=0.1/0.5/1.0/1.5, Delta xi=1.00) not recovered",detect in-axes legend with Greek tau/Delta entries; do not skip on Greek/LaTeX content,labels.py,/network/scratch/s/scieurda/pdf_chart2table/eval150_idx/materials_2606.04724_page15_chart3.png
legend,materials_2606.04724_page15_chart7,materials,2606.04724,15,page15_chart7,legend_missing,legend,"5-entry legend (tau=10/50/100/200, Delta xi=1.00) not recovered",same Greek-entry in-axes legend detection,labels.py,/network/scratch/s/scieurda/pdf_chart2table/eval150_idx/materials_2606.04724_page15_chart7.png
legend,materials_2606.04724_page15_chart9,materials,2606.04724,15,page15_chart9,legend_missing,legend,"5-entry legend (tau=10/50/100/200, Delta xi=1.00) not recovered",same Greek-entry in-axes legend detection,labels.py,/network/scratch/s/scieurda/pdf_chart2table/eval150_idx/materials_2606.04724_page15_chart9.png
legend,materials_2606.04919_page21_chart1,materials,2606.04919,21,page21_chart1,legend_missing,legend,"in-plot colored LaTeX labels hh,1s / hh,2s / hh,1s not recovered",recover italic LaTeX in-axes colored labels as series labels; map by text color to curve,labels.py,/network/scratch/s/scieurda/pdf_chart2table/eval150_idx/materials_2606.04919_page21_chart1.png
data,materials_2606.05057_page4_chart3,materials,2606.05057,4,page4_chart3,partial,legend_wrong,The three effective-mass lines were reconstructed but only one series is labeled 'measured' and the black mu=0.45 line color/label was lost.,Map each reconstructed line to its inline color-coded legend label (mu=0.85/0.45/0.25) instead of a single annotation.,labels.py,/network/scratch/s/scieurda/pdf_chart2table/eval150_idx/materials_2606.05057_page4_chart3.png
legend,materials_2606.05057_page4_chart3,materials,2606.05057,4,page4_chart3,legend_partial,legend,"3 colored LaTeX series labels (mu=0.85/0.45/0.25 m_0) missing; only the arrow annotation ""measured"" captured","harvest the colored mu=... in-axes labels and map by color to the 3 curves; treat ""measured"" arrow as annotation not series label",labels.py,/network/scratch/s/scieurda/pdf_chart2table/eval150_idx/materials_2606.05057_page4_chart3.png
legend,materials_2606.05128_page9_chart3,materials,2606.05128,9,page9_chart3,legend_wrong,legend,"in-plot filling-factor labels v=1/3/5/7 garbled to ""*"",""*"",""*"",""v=1"" (three collapsed to bare marker glyph)",prevent single-glyph/marker fallback (*) overriding real text; recover digit labels 3/5/7 instead of emitting *,labels.py,/network/scratch/s/scieurda/pdf_chart2table/eval150_idx/materials_2606.05128_page9_chart3.png
data,optml_2605.03357_page22_chart4,optml,2605.03357,22,page22_chart4,partial,legend_wrong,"The legend labels are swapped: the peaking series is labeled Adaptive and the flat series Vanilla, but the original has Vanilla as the peaking red curve and Adaptive as the flat blue curve.",Bind legend labels to series by matching legend-marker color to the series color rather than by enumeration order.,labels.py,/network/scratch/s/scieurda/pdf_chart2table/eval150_idx/optml_2605.03357_page22_chart4.png
data,optml_2605.06821_page60_chart4,optml,2605.06821,60,page60_chart4,partial,legend_wrong,"The stepping data series is labeled wRF and the rising data series is labeled EoS threshold, so the dotted EoS threshold reference line was promoted into a data series and labels are misassigned.",Exclude dotted reference/threshold lines from series extraction and bind remaining labels by marker color.,labels.py,/network/scratch/s/scieurda/pdf_chart2table/eval150_idx/optml_2605.06821_page60_chart4.png
legend,optml_2605.06821_page60_chart4,optml,2605.06821,60,page60_chart4,legend_partial,legend,4-entry legend; first entry garbled to bare 'o' (was w_SRMS) and the w_SF series/label dropped,reject single-char 'o' legend tokens (marker-glyph proxy) and ensure each colored legend handle maps to a series; recover all 4 handles not 3,labels.py,/network/scratch/s/scieurda/pdf_chart2table/eval150_idx/optml_2605.06821_page60_chart4.png
legend,optml_2605.06821_page7_chart3,optml,2605.06821,7,page7_chart3,legend_wrong,legend,single-entry legend text norm-nu replaced with unrelated text lambda_max(P-1H) (likely picked up from a different text span),constrain legend-text search to spans inside/adjacent to the legend box handle; do not pull arbitrary nearby math labels,labels.py,/network/scratch/s/scieurda/pdf_chart2table/eval150_idx/optml_2605.06821_page7_chart3.png
legend,optml_2605.08751_page14_chart2,optml,2605.08751,14,page14_chart2,legend_missing,legend,clear in-axes 2-entry LaTeX legend (theta-tilde subscripts) not detected at all,detect in-axes legend boxes (frame rectangle + short color handles + text); current detector misses LaTeX-heavy in-plot legends,labels.py,/network/scratch/s/scieurda/pdf_chart2table/eval150_idx/optml_2605.08751_page14_chart2.png
legend,optml_2605.08751_page14_chart5,optml,2605.08751,14,page14_chart5,legend_missing,legend,clear in-axes 2-entry LaTeX legend not detected,same in-axes legend-box detection gap as chart2,labels.py,/network/scratch/s/scieurda/pdf_chart2table/eval150_idx/optml_2605.08751_page14_chart5.png
legend,optml_2605.08751_page14_chart7,optml,2605.08751,14,page14_chart7,legend_missing,legend,clear in-axes 2-entry LaTeX legend not detected,same in-axes legend-box detection gap,labels.py,/network/scratch/s/scieurda/pdf_chart2table/eval150_idx/optml_2605.08751_page14_chart7.png
legend,optml_2605.08751_page14_chart8,optml,2605.08751,14,page14_chart8,legend_missing,legend,clear in-axes 2-entry LaTeX legend not detected,same in-axes legend-box detection gap,labels.py,/network/scratch/s/scieurda/pdf_chart2table/eval150_idx/optml_2605.08751_page14_chart8.png
legend,optml_2605.09552_page108_chart5,optml,2605.09552,108,page108_chart5,legend_missing,legend,"2-entry legend (1-w_i line, MC norm marker) not recovered",detect mixed line+marker legend handles; pair each handle with its text,labels.py,/network/scratch/s/scieurda/pdf_chart2table/eval150_idx/optml_2605.09552_page108_chart5.png
legend,optml_2605.15563_page10_chart7,optml,2605.15563,10,page10_chart7,legend_missing,legend,"2-entry legend (10 trials faint, Median error bold) inside axes not recovered",detect low-contrast/thin legend handles; the faint '10 trials' line handle is being skipped,labels.py,/network/scratch/s/scieurda/pdf_chart2table/eval150_idx/optml_2605.15563_page10_chart7.png
data,optml_2605.25318_page18_chart1,optml,2605.25318,18,page18_chart1,partial,legend_wrong,"The peaking series is labeled 's' (a stray fragment) instead of Linear Prop., so legend binding picked a wrong label token.",Filter single-character or fragment tokens from legend-label candidates and bind labels by marker color.,labels.py,/network/scratch/s/scieurda/pdf_chart2table/eval150_idx/optml_2605.25318_page18_chart1.png
legend,optml_2605.25318_page18_chart1,optml,2605.25318,18,page18_chart1,legend_partial,legend,4-entry legend; 'Linear' garbled to 's' and 'Ground Truth' missing; only 3 of 4 recovered,improve small-font legend OCR/text-span association; reject 1-char tokens like 's' as legend labels,labels.py,/network/scratch/s/scieurda/pdf_chart2table/eval150_idx/optml_2605.25318_page18_chart1.png
legend,optml_2605.29291_page30_chart1,optml,2605.29291,30,page30_chart1,legend_partial,legend,"7-entry legend; only 4 recovered, one garbled to 'o', the 3 non-mono entries dropped",handle multi-line legends with mixed dashed/solid handles; recover all rows incl. dashed; drop bare 'o' token,labels.py,/network/scratch/s/scieurda/pdf_chart2table/eval150_idx/optml_2605.29291_page30_chart1.png
legend,optml_2606.00656_page7_chart2,optml,2606.00656,7,page7_chart2,legend_missing,legend,top-row multi-entry legend (above axes) not recovered,detect legends placed outside/above the axes (top-center horizontal legend); current scope likely limited to in-axes box,labels.py,/network/scratch/s/scieurda/pdf_chart2table/eval150_idx/optml_2606.00656_page7_chart2.png
data,optml_2606.00795_page10_chart2,optml,2606.00795,10,page10_chart2,partial,legend_wrong,The legend label reads '10 MAE = 0.828' because an axis tick value ('10') was merged into the annotation text.,Exclude axis tick-label text from legend/annotation text spans when building the series label.,labels.py,/network/scratch/s/scieurda/pdf_chart2table/eval150_idx/optml_2606.00795_page10_chart2.png
legend,optml_2606.00984_page43_chart10,optml,2606.00984,43,page43_chart10,legend_missing,legend,multi-entry legend (BLCE... above axes) not recovered,detect above-axes horizontal legends and split into per-entry handle+text,labels.py,/network/scratch/s/scieurda/pdf_chart2table/eval150_idx/optml_2606.00984_page43_chart10.png
legend,optml_2606.00984_page43_chart7,optml,2606.00984,43,page43_chart7,legend_partial,legend,5+ series but only BLCE(0.1) recovered,above-axes legend partially read; recover remaining entries for the other colored series,labels.py,/network/scratch/s/scieurda/pdf_chart2table/eval150_idx/optml_2606.00984_page43_chart7.png
legend,optml_2606.02886_page7_chart2,optml,2606.02886,7,page7_chart2,legend_missing,legend,4-method in-axes legend (AIFS/Aurora/FourCastNetV2/Pangu-Weather) not recovered,in-axes legend-box detection; small-font multi-entry legend missed,labels.py,/network/scratch/s/scieurda/pdf_chart2table/eval150_idx/optml_2606.02886_page7_chart2.png
legend,optml_2606.02886_page7_chart9,optml,2606.02886,7,page7_chart9,legend_missing,legend,3-entry legend (Mean line / Median dashed / IQR band) not recovered,detect legend with band (patch) handle plus line handles; map patch to the IQR fill series,labels.py,/network/scratch/s/scieurda/pdf_chart2table/eval150_idx/optml_2606.02886_page7_chart9.png
data,optml_2606.03899_page43_chart3,optml,2606.03899,43,page43_chart3,partial,legend_wrong,"One series legend label is rendered as the bare marker glyph 'o' instead of its real name, leaving the dashed-reference series mislabeled.",Fall back to the legend entry text when the marker glyph is mistaken for the label string.,labels.py,/network/scratch/s/scieurda/pdf_chart2table/eval150_idx/optml_2606.03899_page43_chart3.png
legend,optml_2606.03899_page43_chart3,optml,2606.03899,43,page43_chart3,legend_wrong,legend,3-entry LaTeX legend garbled: sin-Theta entries collapsed to bare 'o' and 0.84(2T-1)^-1/4 mangled (exponent/minus lost),preserve LaTeX sub/superscripts when rendering legend text; reject 'o' marker-proxy tokens,labels.py,/network/scratch/s/scieurda/pdf_chart2table/eval150_idx/optml_2606.03899_page43_chart3.png
data,astro_2606.00209_page5_chart1,astro,2606.00209,5,page5_chart1,partial,missing_series,"Only the red optical series was recovered; the X-ray, radio, IC, and synchrotron band series are all missing from the re-plot.",Detect and extract each distinctly colored line/marker series including thick filled markers and shaded-band curves rather than collapsing to one series.,lines.py,/network/scratch/s/scieurda/pdf_chart2table/eval150_idx/astro_2606.00209_page5_chart1.png
data,astro_2606.00569_page27_chart6,astro,2606.00569,27,page27_chart6,partial,extra_noise,The two real series (step data and fit curve) are recovered but a spurious flat series sitting at y=0 was added.,Suppress the flat zero-baseline artifact series that does not correspond to a real curve.,lines.py,/network/scratch/s/scieurda/pdf_chart2table/eval150_idx/astro_2606.00569_page27_chart6.png
data,astro_2606.00569_page27_chart8,astro,2606.00569,27,page27_chart8,partial,extra_noise,The data and fit are recovered but the data points are very scattered and a spurious flat zero series is present.,Remove the flat zero artifact series and tighten step-histogram sampling to reduce scatter.,lines.py,/network/scratch/s/scieurda/pdf_chart2table/eval150_idx/astro_2606.00569_page27_chart8.png
data,astro_2606.02353_page3_chart6,astro,2606.02353,3,page3_chart6,partial,extra_noise,The green peak feature is recovered but overlapping baseline series are very noisy and partly redundant.,Reduce duplicate/overlapping baseline series sampling so the step data is cleaner.,lines.py,/network/scratch/s/scieurda/pdf_chart2table/eval150_idx/astro_2606.02353_page3_chart6.png
data,astro_2606.02711_page57_chart5,astro,2606.02711,57,page57_chart5,partial,missing_series,"Legend lists 5 nearly-coincident dashed curves but only 3 series were reconstructed, plus a couple stray y=0 points past x=0.5.",Separate heavily overlapping dashed curves by color and suppress flat baseline points beyond the data extent.,lines.py,/network/scratch/s/scieurda/pdf_chart2table/eval150_idx/astro_2606.02711_page57_chart5.png
data,astro_2606.03313_page18_chart7,astro,2606.03313,18,page18_chart7,partial,extra_noise,The red double-peaked fit curve was captured but split into two color series with a few stray y=0 edge points.,Merge same-curve points into one series and drop baseline points outside the fit's x-extent.,lines.py,/network/scratch/s/scieurda/pdf_chart2table/eval150_idx/astro_2606.03313_page18_chart7.png
data,astro_2606.03546_page3_chart6,astro,2606.03546,3,page3_chart6,partial,missing_series,Six legend curves (1.13-0.07 ML) but only five peaks were reconstructed and the top curve's legend label is misaligned.,Recover the missing top series and align legend colors/labels to the correct curves.,lines.py,/network/scratch/s/scieurda/pdf_chart2table/eval150_idx/astro_2606.03546_page3_chart6.png
data,astro_2606.04082_page3_chart1,astro,2606.04082,3,page3_chart1,partial,extra_noise,The two decay curves are captured well but an orange series traces a spurious vertical step artifact dropping to y=0 near x=3.,Filter out the near-vertical edge artifact so only the genuine decay curves remain.,lines.py,/network/scratch/s/scieurda/pdf_chart2table/eval150_idx/astro_2606.04082_page3_chart1.png
data,astro_2606.04309_page13_chart3,astro,2606.04309,13,page13_chart3,partial,missing_series,Only the H atoms curve and fmol markers were extracted; the HI (black) and H2 (pink) filled series in the legend are missing.,Extract the filled/area HI and H2 curves in addition to the dashed H-atoms line.,lines.py,/network/scratch/s/scieurda/pdf_chart2table/eval150_idx/astro_2606.04309_page13_chart3.png
data,astro_2606.04309_page13_chart5,astro,2606.04309,13,page13_chart5,partial,missing_series,"Same chart family: HI and H2 series from the legend are not reconstructed, only H atoms and fmol.",Extract the filled HI and H2 area series alongside the dashed line and markers.,lines.py,/network/scratch/s/scieurda/pdf_chart2table/eval150_idx/astro_2606.04309_page13_chart5.png
data,astro_2606.04827_page5_chart1,astro,2606.04827,5,page5_chart1,partial,extra_noise,The rising z=5..12 curve family is captured well but an extra unlabeled 'D' series and low-y scatter around x=10 add noise.,Suppress the spurious bottom scatter and drop the empty 'D' series so only the five z curves remain.,lines.py,/network/scratch/s/scieurda/pdf_chart2table/eval150_idx/astro_2606.04827_page5_chart1.png
data,astro_2606.05119_page18_chart4,astro,2606.05119,18,page18_chart4,partial,missing_series,Original is a stacked/filled multi-component spectrum but only the top total envelope was extracted as one series.,Either extract the individual stacked components or explicitly label the single output as the total envelope.,lines.py,/network/scratch/s/scieurda/pdf_chart2table/eval150_idx/astro_2606.05119_page18_chart4.png
data,astro_2606.05146_page20_chart1,astro,2606.05146,20,page20_chart1,partial,other,Dense overlapping GRB-SNe light curves are mostly captured but series identity is uncertain and the green/red series are sparsely sampled.,Improve color separation of overlapping light-curve series so each band is sampled consistently.,lines.py,/network/scratch/s/scieurda/pdf_chart2table/eval150_idx/astro_2606.05146_page20_chart1.png
data,materials_2606.00165_page18_chart1,materials,2606.00165,18,page18_chart1,partial,missing_series,The legend lists six series (a- and a+ variants) but only three are reconstructed; the a+ series sitting on the dashed zero line is dropped.,Recover near-zero flat dashed series and avoid suppressing series that overlap the x-axis baseline.,lines.py,/network/scratch/s/scieurda/pdf_chart2table/eval150_idx/materials_2606.00165_page18_chart1.png
data,materials_2606.00223_page6_chart1,materials,2606.00223,6,page6_chart1,partial,extra_noise,"A spurious red fourth series with points at (-0.4,-448) and (0.4,-93) is added that does not exist among the three real line series.",Suppress phantom series formed from axis/border artifacts and limit series count to detected legend entries.,lines.py,/network/scratch/s/scieurda/pdf_chart2table/eval150_idx/materials_2606.00223_page6_chart1.png
data,materials_2606.01029_page25_chart1,materials,2606.01029,25,page25_chart1,wrong,other,The source is a dense spaghetti band plot of many crossing curves but it is reconstructed as a meaningless multicolor scatter of line-crossing points.,Treat dense overlapping line bands as continuous curves rather than emitting scatter points at intersections.,lines.py,/network/scratch/s/scieurda/pdf_chart2table/eval150_idx/materials_2606.01029_page25_chart1.png
data,materials_2606.02399_page2_chart2,materials,2606.02399,2,page2_chart2,partial,missing_series,"The dense smooth thr.em and thr.abs fit curves were lost and only sparse mismatched scatter points were reconstructed, dropping most of the curve data.",Recover line-style series as dense sampled points rather than only discrete markers when a smooth curve is present.,lines.py,/network/scratch/s/scieurda/pdf_chart2table/eval150_idx/materials_2606.02399_page2_chart2.png
data,materials_2606.04724_page15_chart3,materials,2606.04724,15,page15_chart3,partial,extra_noise,The four clean stacked tau lines were fragmented into noisy multi-color scatter with extra spurious purple points near y=0.,Group markers into their parent connected line series and suppress small off-trend point clusters.,lines.py,/network/scratch/s/scieurda/pdf_chart2table/eval150_idx/materials_2606.04724_page15_chart3.png
data,materials_2606.04919_page21_chart1,materials,2606.04919,21,page21_chart1,partial,extra_noise,"Multiple spurious series were produced including a pink/gray cluster diving down at the right, mixing the dash-dot annotation lines with the real hh resonance curves.",Separate dash-dot fit/annotation lines from data marker series and drop the diverging spurious cluster.,lines.py,/network/scratch/s/scieurda/pdf_chart2table/eval150_idx/materials_2606.04919_page21_chart1.png
data,optml_2605.25490_page16_chart4,optml,2605.25490,16,page16_chart4,partial,extra_noise,The reconstruction adds spurious flat horizontal series (e.g. a pink line near y=500) and stray dropping clusters that do not correspond to the original decaying curves.,Suppress horizontal artifact series arising from gridlines/axis spans and discard isolated point clusters off the curve envelopes.,lines.py,/network/scratch/s/scieurda/pdf_chart2table/eval150_idx/optml_2605.25490_page16_chart4.png
data,optml_2606.00984_page43_chart10,optml,2606.00984,43,page43_chart10,partial,missing_series,"Several overlapping colored curves bunched near the x-axis are collapsed into only two extracted series, so most series are missing.",Improve color separation for tightly overlapping curves so each distinct-color series is recovered.,lines.py,/network/scratch/s/scieurda/pdf_chart2table/eval150_idx/optml_2606.00984_page43_chart10.png
data,astro_2606.01625_page36_chart1,astro,2606.01625,36,page36_chart1,partial,extra_noise,The filled-data and open-circle model series are conflated into one noisy scatter so the structured model curve is lost.,Separate filled markers (data) from open-circle markers (model) into distinct series.,marks.py,/network/scratch/s/scieurda/pdf_chart2table/eval150_idx/astro_2606.01625_page36_chart1.png
data,astro_2606.02687_page5_chart3,astro,2606.02687,5,page5_chart3,partial,missing_series,"Extraction traced the fitted central curve through the confidence band but missed the discrete Bulge/Disk marker series (squares, diamonds, large circle).",Detect and extract filled discrete markers as their own series rather than only digitizing the smooth fitted curve.,marks.py,/network/scratch/s/scieurda/pdf_chart2table/eval150_idx/astro_2606.02687_page5_chart3.png
data,astro_2606.03313_page18_chart6,astro,2606.03313,18,page18_chart6,wrong,extra_noise,"The gray noisy spectrum was digitized as a dense green scatter of points, producing garbage rather than a discrete data series.",Detect spectrum/histogram step traces and avoid emitting every noisy pixel as a marker point.,marks.py,/network/scratch/s/scieurda/pdf_chart2table/eval150_idx/astro_2606.03313_page18_chart6.png
data,astro_2606.03313_page18_chart8,astro,2606.03313,18,page18_chart8,wrong,extra_noise,"The red fit peak is captured (orange) but is swamped by a dense blue scatter digitized from the gray noise spectrum, plus garbled log x labels.",Suppress spectrum-noise pixels and keep only the fitted-curve series; fix x-axis label parsing.,marks.py,/network/scratch/s/scieurda/pdf_chart2table/eval150_idx/astro_2606.03313_page18_chart8.png
data,materials_2606.00064_page2_chart1,materials,2606.00064,2,page2_chart1,wrong,other,"The source is a paired vertical-line range plot (circle endpoints joined by stems with bracketed citation labels) but it is reconstructed as an unrelated scatter and the legend labels are garbled (""23, 4, 24"", ""his or"").",Detect vertical stem-with-endpoint range marks and keep paired endpoints as a single range series instead of emitting loose scatter points.,marks.py,/network/scratch/s/scieurda/pdf_chart2table/eval150_idx/materials_2606.00064_page2_chart1.png
data,materials_2606.00165_page8_chart2,materials,2606.00165,8,page8_chart2,partial,extra_noise,Two stray blue points appear near x=4.3 (y~0.005-0.006) that do not correspond to either of the two real curves.,Reject isolated off-curve points that have no neighboring marks along the series trajectory.,marks.py,/network/scratch/s/scieurda/pdf_chart2table/eval150_idx/materials_2606.00165_page8_chart2.png
data,materials_2606.02317_page22_chart11,materials,2606.02317,22,page22_chart11,partial,extra_noise,A spurious flat blue series near y=6 was reconstructed from a small disconnected cluster of marker circles on the right of the original.,Detect and drop short marker clusters that are spatially isolated from the main peak envelope and lie outside the plotted data envelope.,marks.py,/network/scratch/s/scieurda/pdf_chart2table/eval150_idx/materials_2606.02317_page22_chart11.png
data,materials_2606.02317_page23_chart1,materials,2606.02317,23,page23_chart1,partial,extra_noise,A stray blue point appears around x=16.3 y=30 that does not correspond to any real mark on the Hf 4f curves.,Add an outlier filter that removes single points lying far from the local series trajectory of all reconstructed components.,marks.py,/network/scratch/s/scieurda/pdf_chart2table/eval150_idx/materials_2606.02317_page23_chart1.png
data,materials_2606.03405_page6_chart6,materials,2606.03405,6,page6_chart6,wrong,non_chart,"The extracted points are the circle markers along an annotation arrow ('Convergence of all replicas'), not real plotted data.",Detect and skip arrow/annotation glyphs so their marker decorations are not treated as a data series.,marks.py,/network/scratch/s/scieurda/pdf_chart2table/eval150_idx/materials_2606.03405_page6_chart6.png
data,materials_2606.04724_page15_chart7,materials,2606.04724,15,page15_chart7,partial,extra_noise,Spurious purple points appear at the bottom (y~-1.1) that are not part of any real arch-shaped tau series.,Filter isolated low-outlier points that fall well below the envelope of the reconstructed series.,marks.py,/network/scratch/s/scieurda/pdf_chart2table/eval150_idx/materials_2606.04724_page15_chart7.png
data,materials_2606.04724_page15_chart9,materials,2606.04724,15,page15_chart9,partial,extra_noise,Spurious purple points appear at the bottom (y~-1.1) that do not correspond to any real tau series on the arch.,Filter isolated low-outlier points that fall well below the envelope of the reconstructed series.,marks.py,/network/scratch/s/scieurda/pdf_chart2table/eval150_idx/materials_2606.04724_page15_chart9.png
data,optml_2605.06585_page11_chart3,optml,2605.06585,11,page11_chart3,partial,missing_series,Only the two rising series are reconstructed while the two flat near-zero series (green and gold triangle markers) are dropped.,Lower the per-series marker-cluster size threshold so flat low-amplitude series with distinct marker colors are still recovered.,marks.py,/network/scratch/s/scieurda/pdf_chart2table/eval150_idx/optml_2605.06585_page11_chart3.png
data,optml_2605.06585_page11_chart4,optml,2605.06585,11,page11_chart4,partial,other,The five step-like series are reconstructed but several individual point colors are confused so the per-series value correspondence near the rises is noisy and the sharp blue step is split across colors.,Improve per-marker color clustering so overlapping same-x markers of different series are assigned to the correct series.,marks.py,/network/scratch/s/scieurda/pdf_chart2table/eval150_idx/optml_2605.06585_page11_chart4.png
data,optml_2605.08751_page14_chart2,optml,2605.08751,14,page14_chart2,partial,extra_noise,A spurious cluster of blue points around x=12 y=4-5 was reconstructed from the in-axes legend box markers and text.,Suppress marker detections that fall inside the detected legend bounding box.,marks.py,/network/scratch/s/scieurda/pdf_chart2table/eval150_idx/optml_2605.08751_page14_chart2.png
data,optml_2605.08751_page14_chart5,optml,2605.08751,14,page14_chart5,partial,extra_noise,A spurious cluster of blue points around x=7-13 y=-5 to -7.5 was reconstructed from the bottom in-axes legend box.,Suppress marker detections that fall inside the detected legend bounding box.,marks.py,/network/scratch/s/scieurda/pdf_chart2table/eval150_idx/optml_2605.08751_page14_chart5.png
data,optml_2605.08751_page14_chart7,optml,2605.08751,14,page14_chart7,partial,extra_noise,A spurious cluster of blue points around x=8-13 y=-5 to -7.5 was reconstructed from the in-axes legend box markers.,Suppress marker detections that fall inside the detected legend bounding box.,marks.py,/network/scratch/s/scieurda/pdf_chart2table/eval150_idx/optml_2605.08751_page14_chart7.png
data,optml_2605.08751_page14_chart8,optml,2605.08751,14,page14_chart8,partial,extra_noise,A spurious cluster of blue points around x=7-13 y=-5 to -7.5 was reconstructed from the in-axes legend box markers.,Suppress marker detections that fall inside the detected legend bounding box.,marks.py,/network/scratch/s/scieurda/pdf_chart2table/eval150_idx/optml_2605.08751_page14_chart8.png
data,optml_2605.29291_page30_chart1,optml,2605.29291,30,page30_chart1,partial,extra_noise,A vertical pink point cluster on the left edge and scattered red EGM points at high y do not correspond to real marks on the smooth EGM curve.,Drop edge/axis-region marker clusters and apply an outlier filter so scattered points far from a series trajectory are removed.,marks.py,/network/scratch/s/scieurda/pdf_chart2table/eval150_idx/optml_2605.29291_page30_chart1.png
data,optml_2606.00656_page7_chart9,optml,2606.00656,7,page7_chart9,partial,extra_noise,"Error-bar cap endpoints are picked up as extra data points, producing a dense pink scatter cloud in the re-plot that does not exist in the clean source curves.",Detect and discard small marks that lie at error-bar whisker endpoints rather than at series vertices.,marks.py,/network/scratch/s/scieurda/pdf_chart2table/eval150_idx/optml_2606.00656_page7_chart9.png
data,optml_2606.02623_page31_chart1,optml,2606.02623,31,page31_chart1,partial,extra_noise,Beyond the real smooth curves the re-plot is flooded with scattered blue/orange/brown noise points that do not lie on any actual curve.,Add a density/continuity filter to drop isolated marker pixels that do not align with a recovered curve.,marks.py,/network/scratch/s/scieurda/pdf_chart2table/eval150_idx/optml_2606.02623_page31_chart1.png
data,astro_2606.00219_page17_chart29,astro,2606.00219,17,page17_chart29,wrong,non_chart,"The region is a 2D density/heatmap of colored blobs, not a scatter plot, so the red points and random-colored re-plot are meaningless.",Detect heatmap/image regions and skip them instead of extracting blob centroids as data points.,plot_region.py,/network/scratch/s/scieurda/pdf_chart2table/eval150_idx/astro_2606.00219_page17_chart29.png
data,astro_2606.00219_page17_chart31,astro,2606.00219,17,page17_chart31,wrong,non_chart,"The region is a 2D density/heatmap of colored blobs, not a scatter plot, so the extracted points are spurious centroids.",Add a heatmap/raster-region detector and skip it so blob centroids are not treated as markers.,plot_region.py,/network/scratch/s/scieurda/pdf_chart2table/eval150_idx/astro_2606.00219_page17_chart31.png
data,astro_2606.00219_page17_chart46,astro,2606.00219,17,page17_chart46,wrong,non_chart,"The region is a 2D density/heatmap of colored blobs, not a scatter plot, so the extracted scatter has no correspondence to real data.",Classify dense raster/heatmap panels as non-chart and exclude them from marker extraction.,plot_region.py,/network/scratch/s/scieurda/pdf_chart2table/eval150_idx/astro_2606.00219_page17_chart46.png
data,astro_2606.01625_page36_chart3,astro,2606.01625,36,page36_chart3,partial,panel_merge,Points from the thin top/bottom strip panels are merged with the main panel and filled-vs-open markers are conflated into noisy scatter.,Split the stacked sub-panels and separate filled data from open-circle model markers.,plot_region.py,/network/scratch/s/scieurda/pdf_chart2table/eval150_idx/astro_2606.01625_page36_chart3.png
data,astro_2606.02698_page17_chart2,astro,2606.02698,17,page17_chart2,partial,legend_wrong,Data points are correct but the x-axis was labeled with the title of an adjacent stacked panel (MINERVA-1092611) instead of the real axis label.,Restrict axis-label text search to the current panel's bounding box so labels from neighboring stacked panels are not picked up.,plot_region.py,/network/scratch/s/scieurda/pdf_chart2table/eval150_idx/astro_2606.02698_page17_chart2.png
data,materials_2606.05050_page13_chart4,materials,2606.05050,13,page13_chart4,wrong,non_chart,"The source is a chemical reaction-network node diagram with an inset bar chart, but node circles were scattered onto a Count-vs-Carbon-number axis as if it were an XY data chart.",Classify reaction-network/graph diagrams as non-chart and skip series extraction.,plot_region.py,/network/scratch/s/scieurda/pdf_chart2table/eval150_idx/materials_2606.05050_page13_chart4.png
data,optml_2605.15563_page10_chart5,optml,2605.15563,10,page10_chart5,partial,panel_merge,Data from the small inset zoom panel (y around -29 to -33) is merged into the main panel reconstruction as extra red and brown clusters near y=-40.,Detect inset panel bounding boxes and exclude their marks from the main panel's extraction region.,plot_region.py,/network/scratch/s/scieurda/pdf_chart2table/eval150_idx/optml_2605.15563_page10_chart5.png
