id,tags
2001.01801_p26c4,unexplained
2001.04375_p26c4,x:dynamic_range
2001.04375_p26c7,x:dynamic_range
2001.04375_p6c2,x:dynamic_range
2001.06104_p6c1,unexplained
2001.07029_p9c1,y:dynamic_range
2001.07556_p3c1,y:dynamic_range
2001.07556_p3c2,y:dynamic_range
2001.07556_p6c3,unexplained
2001.10963_p3c6,y:dynamic_range
2002.02623_p55c2,unexplained
2003.07592_p8c1,unexplained
2003.07592_p8c2,unexplained
2003.09804_p41c1,x:dynamic_range
2003.14298_p11c1,x:tick_inconsistent
2004.01004_p6c3,y:dynamic_range
2004.06765_p10c1,unexplained
2004.06765_p10c2,unexplained
2004.06765_p10c3,unexplained
2004.06765_p10c4,unexplained
2004.06765_p10c5,y:dynamic_range
2004.06765_p10c6,unexplained
2004.06773_p13c3,unexplained
2004.06773_p13c4,unexplained
2004.09445_p2c1,x:dynamic_range
2005.10210_p45c1,x:dynamic_range
2005.11717_p10c1,unexplained
2005.11717_p10c3,unexplained
2006.03604_p4c2,x:dynamic_range
2006.09651_p8c2,unexplained
2006.10440_p9c5,unexplained
2007.10051_p4c3,x:dynamic_range
2007.15313_p25c1,x:dynamic_range
2007.15313_p27c2,x:dynamic_range
2008.02726_p3c1,y:dynamic_range;y:tick_inconsistent
2008.04375_p4c2,x:dynamic_range
2008.08722_p13c3,y:tick_inconsistent
2008.08722_p6c2,unexplained
2008.09734_p24c19,unexplained
2008.09734_p25c5,unexplained
2008.09734_p26c6,x:off_tick_range;x:tick_inconsistent
2008.11361_p4c1,x:dynamic_range
2008.11361_p5c1,x:dynamic_range
2008.11361_p6c1,x:dynamic_range
2008.11838_p14c3,y:dynamic_range
2008.12319_p14c1,unexplained
2009.04163_p6c3,unexplained
2009.04163_p6c4,unexplained
2009.07658_p27c1,x:dynamic_range
2009.07658_p27c2,x:dynamic_range
2009.08714_p3c3,unexplained
2009.08714_p3c4,unexplained
2009.10463_p10c1,y:dynamic_range
2010.00751_p8c1,unexplained
2010.00874_p7c2,y:dynamic_range
2010.14886_p35c1,y:dynamic_range
2011.01699_p12c2,x:dynamic_range
2011.06477_p16c4,unexplained
2011.06477_p17c2,unexplained
2011.06477_p27c2,unexplained
2011.09442_p3c1,x:dynamic_range
2011.09442_p3c2,x:dynamic_range;y:dynamic_range
2011.14588_p8c1,x:dynamic_range
2012.04789_p12c1,unexplained
2012.11311_p9c1,x:dynamic_range
2012.12136_p14c1,x:dynamic_range
2012.12904_p11c1,x:dynamic_range
2012.15114_p20c1,unexplained
2012.15350_p17c1,y:dynamic_range
2012.15350_p27c1,y:dynamic_range
2101.05551_p17c1,x:dynamic_range
2101.07194_p14c1,x:dynamic_range;y:tick_inconsistent
2102.03563_p7c1,x:dynamic_range
2102.03563_p7c2,x:dynamic_range
2102.03563_p7c3,x:dynamic_range
2102.03563_p7c4,x:dynamic_range
2102.03563_p9c1,x:dynamic_range
2102.03563_p9c2,x:dynamic_range
2102.03563_p9c3,x:dynamic_range
2102.03563_p9c4,x:dynamic_range
2102.03563_p9c5,x:dynamic_range
2102.03563_p9c6,x:dynamic_range
2102.03563_p9c7,x:dynamic_range
2102.03563_p9c8,x:dynamic_range
2102.11637_p18c1,unexplained
2102.11637_p18c2,unexplained
2102.11637_p19c1,unexplained
2102.11637_p19c2,unexplained
2103.06880_p22c1,x:dynamic_range;y:dynamic_range
2103.06880_p22c2,x:dynamic_range
2103.08548_p3c1,unexplained
2104.05747_p2c1,x:dynamic_range
2104.07709_p11c1,unexplained
2104.08172_p14c6,unexplained
2104.08172_p17c2,unexplained
2104.08172_p17c3,unexplained
2104.08172_p17c4,unexplained
2104.08172_p17c5,unexplained
2104.08998_p13c2,unexplained
2105.11453_p5c3,y:tick_inconsistent
2105.13560_p12c5,x:dynamic_range
2105.13560_p13c2,x:dynamic_range
2105.13668_p12c1,x:dynamic_range
2105.13668_p12c2,x:dynamic_range
2106.05405_p32c1,x:dynamic_range
2106.07081_p5c1,x:dynamic_range
2107.03695_p16c1,x:dynamic_range
2107.03695_p16c2,x:dynamic_range
2107.06485_p6c2,unexplained
2108.06418_p12c1,y:dynamic_range
2108.07733_p10c1,x:dynamic_range
2108.07733_p10c2,unexplained
2109.05241_p7c1,x:off_tick_range;x:tick_inconsistent;y:dynamic_range
2110.09922_p9c1,x:dynamic_range
2110.12818_p10c2,y:log_as_linear_ticks
2110.12818_p9c2,unexplained
2110.12839_p11c5,y:tick_inconsistent
2110.12839_p20c2,unexplained
2110.12839_p20c3,unexplained
2110.12839_p21c1,unexplained
2110.12839_p22c1,unexplained
2111.05667_p5c1,unexplained
2111.05667_p7c1,unexplained
2111.05667_p7c2,unexplained
2111.05667_p8c1,unexplained
2111.12250_p12c2,unexplained
2112.01633_p20c2,x:dynamic_range
2112.07604_p19c4,y:dynamic_range;y:tick_inconsistent
2112.11529_p3c2,x:dynamic_range
2112.12951_p29c2,unexplained
2201.02175_p30c2,unexplained
2201.02175_p33c1,unexplained
2201.02175_p36c1,x:dynamic_range
2201.02175_p36c2,unexplained
2201.02175_p40c1,unexplained
2201.02175_p44c6,unexplained
2201.02175_p45c2,y:tick_inconsistent
2201.02175_p45c3,y:tick_inconsistent
2201.02175_p46c1,unexplained
2201.02175_p49c1,y:tick_inconsistent
2201.02175_p49c2,unexplained
2201.02175_p50c1,unexplained
2201.02175_p50c2,unexplained
2201.02175_p51c1,unexplained
2201.02175_p53c2,y:tick_inconsistent
2201.02175_p53c3,unexplained
2201.02175_p54c2,unexplained
2201.02175_p57c1,unexplained
2201.02175_p57c3,unexplained
2201.02175_p57c5,unexplained
2201.02175_p57c8,unexplained
2201.02175_p59c1,y:dynamic_range
2201.02175_p59c2,unexplained
2201.08861_p10c2,x:dynamic_range
2201.08861_p17c1,unexplained
2201.09258_p3c1,x:dynamic_range
2201.09258_p3c3,x:dynamic_range
2201.10659_p13c3,unexplained
2202.04438_p18c1,unexplained
2202.04438_p20c2,unexplained
2202.04438_p20c3,unexplained
2202.04438_p21c5,x:dynamic_range
2202.04438_p6c1,unexplained
2202.05970_p3c2,unexplained
2202.05974_p3c5,x:dynamic_range
2202.07850_p5c2,x:dynamic_range
2202.07850_p5c3,x:dynamic_range
2202.07850_p5c4,x:dynamic_range
2203.00039_p7c3,y:dynamic_range
2203.00039_p7c4,y:dynamic_range
2203.02869_p21c7,unexplained
2203.07829_p5c1,y:dynamic_range
2203.10309_p10c1,unexplained
2203.13360_p5c1,x:dynamic_range
2204.02159_p7c2,x:dynamic_range
2204.02202_p18c1,y:tick_inconsistent
2204.06713_p3c6,x:dynamic_range
2205.00261_p16c2,x:dynamic_range
2205.00261_p4c3,unexplained
2205.00261_p8c1,unexplained
2205.02768_p6c1,unexplained
2205.03944_p3c1,unexplained
2205.03944_p3c2,unexplained
2205.15690_p10c2,x:dynamic_range
2205.15690_p10c3,x:dynamic_range
2205.15962_p22c1,x:dynamic_range
2205.15962_p22c2,x:dynamic_range
2205.15962_p22c3,x:dynamic_range
2205.15962_p22c4,x:dynamic_range
2205.15962_p22c5,x:dynamic_range
2205.15962_p22c6,x:dynamic_range
2205.15962_p22c7,x:dynamic_range
2205.15962_p22c8,x:dynamic_range
2205.15962_p22c9,x:dynamic_range
2205.15962_p3c1,x:dynamic_range
2205.15962_p3c2,x:dynamic_range
2206.01042_p2c2,unexplained
2206.01042_p3c1,unexplained
2206.01042_p4c1,unexplained
2206.01042_p4c2,unexplained
2206.01042_p4c4,x:log_as_linear_ticks
2206.01042_p4c5,x:log_as_linear_ticks
2206.02057_p4c1,unexplained
2206.02081_p5c1,x:dynamic_range
2206.02081_p5c2,x:dynamic_range
2206.05746_p3c2,x:dynamic_range
2206.12787_p6c3,unexplained
2207.02603_p5c1,unexplained
2207.11391_p21c3,x:tick_inconsistent
2207.11418_p10c1,y:dynamic_range
2207.12050_p10c1,x:dynamic_range
2207.12050_p10c3,x:dynamic_range
2207.12050_p13c3,x:dynamic_range;y:tick_inconsistent
2208.02425_p3c1,x:dynamic_range
2208.11505_p4c1,x:dynamic_range
2208.11505_p5c3,x:dynamic_range
2210.00318_p3c1,unexplained
2210.00318_p3c2,unexplained
2210.00318_p3c3,unexplained
2210.01746_p15c1,unexplained
2210.01746_p15c3,unexplained
2210.01746_p15c4,unexplained
2210.01746_p15c6,unexplained
2210.01746_p15c7,unexplained
2210.01746_p15c8,unexplained
2210.01746_p17c1,x:dynamic_range
2210.01746_p17c2,x:dynamic_range
2210.01746_p17c3,x:dynamic_range
2210.10476_p21c6,y:dynamic_range
2210.11631_p4c2,unexplained
2210.11827_p6c3,x:dynamic_range
2210.14881_p8c2,unexplained
2211.04615_p29c2,y:dynamic_range
2211.04615_p8c1,y:dynamic_range
2211.13493_p3c2,x:dynamic_range
2211.15132_p5c1,unexplained
2211.16165_p5c2,unexplained
2212.04973_p12c1,unexplained
2212.04973_p12c2,unexplained
2212.04973_p32c3,y:tick_inconsistent
2212.04973_p32c4,y:tick_inconsistent
2212.06323_p5c1,x:dynamic_range
2212.06323_p5c3,x:dynamic_range;y:tick_inconsistent
2212.14313_p5c1,unexplained
2212.14313_p5c2,unexplained
2301.02282_p8c1,y:dynamic_range
2301.08196_p4c2,unexplained
2301.09374_p15c1,unexplained
2301.09374_p17c3,unexplained
2301.09374_p18c2,unexplained
2301.09374_p8c1,unexplained
2301.10421_p26c5,y:dynamic_range
2301.10421_p31c2,y:dynamic_range
2302.09567_p168c3,y:dynamic_range
2302.09567_p182c1,x:tick_inconsistent
2302.09567_p182c3,x:tick_inconsistent
2302.09567_p200c3,unexplained
2302.09567_p228c2,unexplained
2302.09567_p284c2,unexplained
2302.09567_p289c1,y:tick_inconsistent
2302.09567_p289c2,unexplained
2303.13650_p23c1,unexplained
2304.02070_p7c2,x:dynamic_range
2304.05949_p23c1,y:dynamic_range
2304.05949_p23c2,y:dynamic_range
2304.13442_p5c2,unexplained
2306.02233_p17c1,unexplained
2306.02281_p9c1,y:dynamic_range
2306.06944_p10c2,x:dynamic_range
2306.06944_p10c3,x:dynamic_range
2306.06944_p6c1,x:dynamic_range
2306.06944_p6c3,x:dynamic_range
2306.06944_p8c2,x:dynamic_range
2306.06944_p8c3,x:dynamic_range
2306.06944_p9c1,x:dynamic_range
2306.06944_p9c3,x:dynamic_range
2306.12993_p6c2,unexplained
2306.12993_p6c3,x:dynamic_range
2306.14171_p12c1,unexplained
2306.17756_p13c1,x:dynamic_range
2307.00163_p4c1,unexplained
2307.04638_p8c1,x:dynamic_range
2307.05077_p8c1,x:dynamic_range
2307.13327_p7c4,unexplained
2307.13327_p9c2,unexplained
2307.13523_p5c2,y:dynamic_range
2307.13523_p5c3,x:dynamic_range;y:tick_inconsistent
2308.00711_p8c1,y:dynamic_range
2308.03430_p4c3,x:dynamic_range
2308.05455_p8c1,x:dynamic_range
2308.07879_p62c1,x:dynamic_range
2308.07879_p62c3,x:dynamic_range;y:tick_inconsistent
2308.08897_p7c2,x:dynamic_range
2308.11624_p28c1,unexplained
2308.12778_p3c1,y:dynamic_range
2309.02879_p26c4,x:tick_inconsistent
2309.02879_p33c3,x:dynamic_range
2309.05727_p10c1,x:dynamic_range
2309.05727_p10c2,x:dynamic_range
2309.05727_p4c4,x:dynamic_range
2309.05945_p4c3,y:tick_inconsistent
2309.12776_p4c3,x:dynamic_range
2309.12776_p4c5,x:dynamic_range
2310.13107_p6c3,y:dynamic_range
2310.16805_p17c2,x:dynamic_range
2310.16805_p17c6,x:dynamic_range
2310.16805_p4c2,x:dynamic_range
2310.16805_p5c4,x:dynamic_range
2311.04418_p10c3,x:dynamic_range
2311.12949_p5c1,y:dynamic_range
2312.03713_p4c2,x:dynamic_range
2312.03841_p10c3,x:dynamic_range
2312.03841_p11c2,x:dynamic_range
2312.03841_p11c3,y:dynamic_range
2312.03841_p12c1,x:dynamic_range
2312.14933_p3c1,unexplained
2312.16101_p6c2,x:dynamic_range
2401.03971_p17c1,x:dynamic_range
2401.03971_p17c2,x:dynamic_range
2401.05089_p26c5,x:dynamic_range
2401.10455_p8c2,y:dynamic_range
2401.14541_p7c3,x:dynamic_range
2401.16931_p3c3,unexplained
2401.16931_p9c4,unexplained
2401.16931_p9c6,unexplained
2401.17402_p17c2,x:dynamic_range
2402.04395_p9c2,x:dynamic_range
2402.18382_p41c13,x:dynamic_range
2402.18382_p41c15,x:dynamic_range
2402.18382_p41c18,x:dynamic_range
2402.18382_p41c5,x:dynamic_range
2402.18382_p52c2,x:dynamic_range
2403.03090_p6c1,x:dynamic_range
2403.14210_p7c1,y:dynamic_range
2403.14210_p7c2,x:dynamic_range;y:dynamic_range
2403.14365_p4c3,x:tick_inconsistent
2404.01379_p25c1,x:dynamic_range
2404.01607_p7c4,y:dynamic_range
2404.01607_p8c2,y:dynamic_range
2404.01607_p9c2,y:dynamic_range
2404.01777_p10c1,unexplained
2404.02647_p6c1,x:tick_inconsistent
2404.02712_p12c2,x:dynamic_range
2404.09904_p25c2,unexplained
2404.12338_p13c1,unexplained
2404.12338_p16c1,unexplained
2404.12338_p22c4,unexplained
2404.12338_p22c5,unexplained
2404.12338_p22c6,unexplained
2404.12338_p26c5,unexplained
2404.12338_p29c6,unexplained
2405.02308_p4c1,unexplained
2405.08836_p46c1,unexplained
2405.09792_p27c2,unexplained
2405.09792_p27c4,unexplained
2405.10477_p85c1,unexplained
2405.10477_p85c2,unexplained
2405.10477_p85c3,unexplained
2405.10477_p85c4,unexplained
2405.15836_p10c1,unexplained
2405.15836_p10c2,unexplained
2405.15836_p12c1,unexplained
2405.15836_p13c2,unexplained
2405.15836_p13c3,unexplained
2405.15836_p16c1,x:dynamic_range
2405.15836_p16c3,x:dynamic_range
2405.15836_p16c4,unexplained
2405.15836_p17c1,x:dynamic_range
2405.15836_p17c2,x:dynamic_range
2405.15836_p17c3,x:dynamic_range
2405.15836_p17c4,unexplained
2406.05032_p25c1,unexplained
2406.11710_p14c1,unexplained
2406.11710_p14c2,unexplained
2406.11710_p15c4,unexplained
2406.11710_p3c1,unexplained
2406.16224_p8c1,x:dynamic_range
2406.16224_p8c3,x:dynamic_range
2406.19618_p4c1,y:tick_inconsistent
2407.04514_p29c2,x:dynamic_range;y:dynamic_range
2407.05295_p3c1,x:dynamic_range
2407.09350_p5c7,x:dynamic_range
2407.09456_p13c1,unexplained
2407.12494_p3c1,unexplained
2407.12494_p3c2,unexplained
2407.12494_p3c3,unexplained
2407.12494_p3c4,unexplained
2407.15253_p20c1,unexplained
2408.03315_p13c1,x:dynamic_range;y:dynamic_range
2408.03315_p13c4,y:dynamic_range
2408.03315_p27c2,unexplained
2408.03315_p27c4,unexplained
2408.03315_p28c2,unexplained
2408.03315_p28c3,unexplained
2408.03315_p30c1,y:dynamic_range
2408.03315_p30c4,x:dynamic_range
2408.03315_p33c2,unexplained
2408.09901_p10c2,x:dynamic_range
2408.09901_p10c3,x:dynamic_range
2408.15007_p3c1,x:dynamic_range
2409.07740_p18c2,x:dynamic_range
2409.09835_p6c3,y:off_tick_range
2409.11612_p8c3,y:dynamic_range
2409.11612_p9c2,y:dynamic_range
2409.11612_p9c3,y:dynamic_range
2409.12804_p20c1,unexplained
2409.18501_p13c1,x:dynamic_range
2409.18501_p24c2,x:dynamic_range
2410.00306_p23c3,x:dynamic_range
2410.12088_p23c1,unexplained
2410.13033_p6c1,y:dynamic_range
2410.22433_p12c1,unexplained
2410.22433_p12c4,unexplained
2410.22433_p5c3,unexplained
2410.24048_p9c3,x:dynamic_range
2411.01912_p4c3,unexplained
2411.07216_p14c2,unexplained
2411.14118_p8c1,unexplained
2412.01945_p36c1,x:dynamic_range
2412.05869_p5c3,unexplained
2412.05869_p7c2,unexplained
2412.05869_p9c4,unexplained
2412.06973_p4c2,x:dynamic_range
2412.16012_p12c2,unexplained
2501.03429_p9c1,unexplained
2501.10303_p16c2,y:dynamic_range
2501.11348_p20c1,unexplained
2501.11348_p3c3,unexplained
2501.11348_p8c4,unexplained
2501.15244_p3c1,unexplained
2502.08187_p11c1,y:dynamic_range
2502.08861_p4c2,unexplained
2502.13590_p4c1,x:dynamic_range
2502.13590_p4c2,x:dynamic_range
2502.13809_p10c2,x:dynamic_range
2502.15531_p23c1,y:dynamic_range
2502.15531_p23c2,y:dynamic_range
2502.15531_p26c2,y:dynamic_range
2502.16846_p9c1,unexplained
2503.05863_p29c2,x:dynamic_range
2503.05863_p29c3,x:dynamic_range
2503.07490_p5c2,unexplained
2503.07490_p5c3,unexplained
2503.14670_p6c2,unexplained
2503.15245_p17c4,unexplained
2503.20482_p11c3,y:tick_inconsistent
2503.20482_p11c4,unexplained
2503.20482_p11c5,unexplained
2503.21549_p11c7,x:log_as_linear_ticks
2503.21549_p9c2,x:log_as_linear_ticks
2504.01191_p4c1,x:tick_inconsistent
2504.01191_p4c2,x:tick_inconsistent
2504.05166_p7c2,y:tick_inconsistent
2504.18281_p4c2,unexplained
2505.05044_p14c1,unexplained
2505.05044_p15c1,unexplained
2505.05867_p21c1,x:dynamic_range
2505.19200_p19c1,unexplained
2505.24290_p5c3,y:tick_inconsistent
2506.03844_p7c2,x:dynamic_range
2506.03844_p7c3,x:dynamic_range
2506.17009_p7c1,unexplained
2506.18139_p47c4,y:dynamic_range
2506.18139_p47c5,y:dynamic_range
2506.18802_p16c3,unexplained
2506.18802_p16c4,unexplained
2506.18802_p16c5,unexplained
2506.19259_p7c3,unexplained
2506.19828_p5c2,y:dynamic_range
2506.21935_p13c1,x:dynamic_range
2507.00128_p8c2,x:dynamic_range
2507.01145_p4c1,x:dynamic_range
2507.01145_p4c2,x:dynamic_range
2507.06660_p49c3,unexplained
2507.09690_p5c1,unexplained
2507.09690_p5c2,unexplained
2507.12387_p37c4,x:dynamic_range;y:tick_inconsistent
2507.20290_p8c1,x:dynamic_range
2507.20290_p8c3,x:dynamic_range
2508.04007_p10c1,unexplained
2508.13360_p9c1,y:dynamic_range
2509.02078_p11c2,unexplained
2509.05062_p14c2,x:dynamic_range
2509.05062_p14c4,x:dynamic_range
2509.05062_p14c6,x:dynamic_range
2509.07785_p8c3,y:dynamic_range
2509.13246_p6c3,x:dynamic_range
2509.13246_p6c5,x:dynamic_range
2509.17617_p20c1,unexplained
2509.21372_p6c1,y:dynamic_range
2510.24656_p10c1,unexplained
2511.02513_p12c2,y:dynamic_range
2511.02513_p12c3,y:dynamic_range
2511.15492_p4c2,unexplained
2511.23077_p11c2,unexplained
2512.00634_p13c1,y:dynamic_range
2512.00634_p19c1,unexplained
2512.04887_p14c2,y:dynamic_range
2512.06987_p8c3,x:dynamic_range
2512.07131_p10c1,unexplained
2512.07131_p9c1,unexplained
2512.07131_p9c2,unexplained
2512.07131_p9c3,x:tick_inconsistent
2512.08587_p6c2,unexplained
2512.08618_p23c1,unexplained
2512.10786_p14c27,unexplained
2512.10786_p16c1,x:dynamic_range
2512.10786_p16c2,unexplained
2512.10786_p16c3,unexplained
2512.10786_p16c5,unexplained
2512.10786_p16c6,x:dynamic_range;y:dynamic_range
2512.10786_p17c27,unexplained
2512.10786_p20c27,unexplained
2512.10786_p5c10,x:dynamic_range
2512.10786_p5c4,unexplained
2512.10786_p5c5,unexplained
2512.10786_p5c6,unexplained
2512.10786_p5c7,unexplained
2512.10786_p5c9,x:dynamic_range
2512.14794_p8c1,unexplained
2512.14794_p8c2,unexplained
2512.16040_p4c1,unexplained
2512.17812_p9c1,unexplained
2512.19561_p24c4,x:dynamic_range
